PLID,VID,Length,Dim
1,1435,9.942 ,0.200 
2,1436,10.181 ,0.200 
3,1437,10.189 ,0.200 
4,1438,10.185 ,0.200 
5,1439,10.150 ,0.200 
6,1440,10.082 ,0.200 
7,1441,10.041 ,0.200 
8,1442,10.057 ,0.200 
9,1443,10.141 ,0.200 
10,1444,10.170 ,0.200 
11,1445,10.221 ,0.200 
12,1446,9.839 ,0.200 
13,1447,10.169 ,0.200 
14,1448,9.948 ,0.200 
15,1449,10.027 ,0.200 
16,1450,10.109 ,0.200 
17,1451,10.103 ,0.200 
18,1452,10.138 ,0.200 
19,1453,10.107 ,0.200 
20,1454,10.076 ,0.200 
21,1455,9.811 ,0.200 
22,1456,10.041 ,0.200 
23,1457,10.140 ,0.200 
24,1458,10.075 ,0.200 
25,1459,10.058 ,0.200 
26,1460,10.134 ,0.200 
27,1461,10.176 ,0.200 
28,1462,10.131 ,0.200 
29,1463,10.113 ,0.200 
30,1464,10.072 ,0.200 
31,1465,10.195 ,0.200 
32,1466,10.125 ,0.200 
33,1467,10.176 ,0.200 
34,1468,10.172 ,0.200 
35,1469,10.064 ,0.200 
36,1470,10.113 ,0.200 
37,1471,10.127 ,0.200 
38,1472,10.104 ,0.200 
39,1473,10.143 ,0.200 
40,1474,9.978 ,0.200 
41,1475,9.882 ,0.200 
42,1476,9.848 ,0.200 
43,1477,9.991 ,0.200 
44,1478,10.137 ,0.200 
45,1479,10.042 ,0.200 
46,1480,10.139 ,0.200 
47,1481,10.164 ,0.200 
48,1482,10.075 ,0.200 
49,1483,9.808 ,0.200 
50,1484,9.815 ,0.200 
51,1485,9.886 ,0.200 
52,1486,9.945 ,0.200 
53,1487,9.971 ,0.200 
54,1488,9.967 ,0.200 
55,1489,9.958 ,0.200 
56,1490,9.929 ,0.200 
57,1491,9.858 ,0.200 
58,1492,9.895 ,0.200 
59,1493,9.825 ,0.200 
60,1494,9.897 ,0.200 
61,1495,9.927 ,0.200 
62,1496,10.015 ,0.200 
63,1497,9.876 ,0.200 
64,1498,9.836 ,0.200 
65,1499,10.012 ,0.200 
66,1500,9.840 ,0.200 
67,1501,9.765 ,0.200 
68,1502,9.918 ,0.200 
69,1503,6.932 ,0.200 
70,1504,7.102 ,0.200 
71,1505,5.911 ,0.200 
72,1506,7.101 ,0.200 
73,1507,7.088 ,0.200 
74,1508,7.072 ,0.200 
75,1509,6.899 ,0.200 
76,1510,7.038 ,0.200 
77,1511,7.120 ,0.200 
78,1512,7.026 ,0.200 
79,1513,7.128 ,0.200 
80,1514,7.048 ,0.200 
81,1515,7.018 ,0.200 
82,1516,7.276 ,0.200 
83,1517,7.077 ,0.200 
84,1518,7.133 ,0.200 
85,1519,7.051 ,0.200 
86,1520,7.014 ,0.200 
87,1521,7.083 ,0.200 
88,1522,7.100 ,0.200 
89,1523,7.103 ,0.200 
90,1524,7.052 ,0.200 
91,1525,7.041 ,0.200 
92,1526,7.140 ,0.200 
93,1527,7.010 ,0.200 
94,1528,7.090 ,0.200 
95,1529,7.134 ,0.200 
96,1530,7.139 ,0.200 
97,1531,6.983 ,0.200 
98,1532,7.083 ,0.200 
99,1533,6.935 ,0.200 
100,1534,7.018 ,0.200 
101,1535,7.065 ,0.200 
102,1536,7.019 ,0.200 
103,1537,8.123 ,0.200 
104,1538,7.199 ,0.200 
105,1539,7.255 ,0.200 
106,1540,7.057 ,0.200 
107,1541,7.169 ,0.200 
108,1542,7.099 ,0.200 
109,1543,6.954 ,0.200 
110,1544,6.994 ,0.200 
111,1545,7.117 ,0.200 
112,1546,7.045 ,0.200 
113,1547,6.931 ,0.200 
114,1548,7.077 ,0.200 
115,1549,6.988 ,0.200 
116,1550,7.053 ,0.200 
117,1551,7.128 ,0.200 
118,1552,7.040 ,0.200 
119,1553,7.125 ,0.200 
120,1554,7.012 ,0.200 
121,1555,7.090 ,0.200 
122,1556,6.962 ,0.200 
123,1557,7.096 ,0.200 
124,1558,6.969 ,0.200 
125,1559,7.030 ,0.200 
126,1560,7.068 ,0.200 
127,1561,7.069 ,0.200 
128,1562,6.903 ,0.200 
129,1563,7.031 ,0.200 
130,1564,7.013 ,0.200 
131,1565,7.139 ,0.200 
132,1566,6.944 ,0.200 
133,1567,7.176 ,0.200 
134,1568,7.054 ,0.200 
135,1569,6.951 ,0.200 
136,1570,6.971 ,0.200 
137,1571,6.977 ,0.200 
138,1572,7.146 ,0.200 
139,1573,7.060 ,0.200 
140,1574,11.400 ,0.200 
141,1575,7.186 ,0.200 
142,1576,7.113 ,0.200 
143,1577,7.094 ,0.200 
144,1578,8.060 ,0.200 
145,1579,6.743 ,0.200 
146,1580,9.779 ,0.200 
147,1581,9.726 ,0.200 
148,1582,9.686 ,0.200 
149,1583,9.481 ,0.200 
150,1584,9.614 ,0.200 
151,1585,9.657 ,0.200 
152,1586,9.150 ,0.200 
153,1587,9.647 ,0.200 
154,1588,9.725 ,0.200 
155,1589,9.818 ,0.200 
156,1590,9.539 ,0.200 
157,1591,9.114 ,0.200 
158,1592,9.610 ,0.200 
159,1593,9.582 ,0.200 
160,1594,9.770 ,0.200 
161,1595,9.462 ,0.200 
162,1596,9.682 ,0.200 
163,1597,9.645 ,0.200 
164,1598,9.632 ,0.200 
165,1599,9.629 ,0.200 
166,1600,9.507 ,0.200 
167,1601,9.646 ,0.200 
168,1602,9.609 ,0.200 
169,1603,9.583 ,0.200 
170,1604,9.764 ,0.200 
171,1605,8.669 ,0.200 
172,1606,9.193 ,0.200 
173,1607,9.467 ,0.200 
174,1608,11.490 ,0.200 
175,1609,9.660 ,0.200 
176,1610,9.537 ,0.200 
177,1611,9.590 ,0.200 
178,1612,9.569 ,0.200 
179,1613,8.942 ,0.200 
180,1614,9.546 ,0.200 
181,1615,11.573 ,0.200 
182,1616,9.719 ,0.200 
183,1617,11.033 ,0.200 
184,1618,8.680 ,0.200 
185,1619,8.934 ,0.200 
186,1620,9.108 ,0.200 
187,1621,9.050 ,0.200 
188,1622,9.135 ,0.200 
189,1623,8.773 ,0.200 
190,1624,8.739 ,0.200 
191,1625,8.682 ,0.200 
192,1626,8.972 ,0.200 
193,1627,8.885 ,0.200 
194,1628,8.866 ,0.200 
195,1629,8.965 ,0.200 
196,1630,9.099 ,0.200 
197,1631,8.929 ,0.200 
198,1632,9.096 ,0.200 
199,1633,9.017 ,0.200 
200,1634,11.300 ,0.200 
201,1635,9.589 ,0.200 
202,1636,9.496 ,0.200 
203,1637,9.479 ,0.200 
204,1638,8.799 ,0.200 
205,1639,11.257 ,0.200 
206,1640,7.935 ,0.200 
207,1641,9.541 ,0.200 
208,1642,9.584 ,0.200 
209,1643,9.589 ,0.200 
210,1644,9.499 ,0.200 
211,1645,8.474 ,0.200 
212,1646,9.490 ,0.200 
213,1647,11.409 ,0.200 
214,1648,9.423 ,0.200 
215,1649,8.265 ,0.200 
216,1650,9.384 ,0.200 
217,1651,9.469 ,0.200 
218,1652,9.418 ,0.200 
219,1653,9.451 ,0.200 
220,1654,0.000 ,0.200 
221,1655,9.386 ,0.200 
222,1656,9.433 ,0.200 
223,1657,8.211 ,0.200 
224,1658,9.485 ,0.200 
225,1659,9.384 ,0.200 
226,1660,9.463 ,0.200 
227,1661,7.370 ,0.200 
228,1662,9.280 ,0.200 
229,1663,9.622 ,0.200 
230,1664,9.000 ,0.200 
231,1665,9.365 ,0.200 
232,1666,9.040 ,0.200 
233,1667,9.463 ,0.200 
234,1668,9.268 ,0.200 
235,1669,9.328 ,0.200 
236,1670,9.687 ,0.200 
237,1671,9.264 ,0.200 
238,1672,6.595 ,0.200 
239,1673,6.006 ,0.200 
240,1674,6.112 ,0.200 
241,1675,7.172 ,0.200 
242,1676,7.060 ,0.200 
243,1677,6.422 ,0.200 
244,1678,6.156 ,0.200 
245,1679,5.002 ,0.200 
246,1680,2.998 ,0.200 
247,1681,2.097 ,0.200 
248,1682,8.990 ,0.200 
249,1683,6.081 ,0.200 
250,1684,4.985 ,0.200 
251,1685,2.077 ,0.200 
252,1686,3.957 ,0.200 
253,1687,4.447 ,0.200 
254,1688,4.465 ,0.200 
255,1689,4.278 ,0.200 
256,1690,4.493 ,0.200 
257,1691,4.841 ,0.200 
258,1692,7.074 ,0.200 
259,1693,4.532 ,0.200 
260,1694,7.042 ,0.200 
261,1695,5.092 ,0.200 
262,1696,6.336 ,0.200 
263,1697,7.035 ,0.200 
264,1698,6.575 ,0.200 
265,1699,6.770 ,0.200 
266,1700,5.263 ,0.200 
267,1701,7.031 ,0.200 
268,1702,7.077 ,0.200 
269,1703,7.291 ,0.200 
270,1704,7.274 ,0.200 
271,1705,6.821 ,0.200 
272,1706,7.096 ,0.200 
273,1707,7.081 ,0.200 
274,1708,7.188 ,0.200 
275,1709,9.054 ,0.200 
276,1710,8.836 ,0.200 
277,1711,7.057 ,0.200 
278,1712,9.039 ,0.200 
279,1713,7.183 ,0.200 
280,1714,6.951 ,0.200 
281,1715,7.329 ,0.200 
282,1716,7.041 ,0.200 
283,1717,7.434 ,0.200 
284,1718,7.186 ,0.200 
285,1719,6.462 ,0.200 
286,1720,6.768 ,0.200 
287,1721,8.220 ,0.200 
288,1722,8.300 ,0.200 
289,1723,7.197 ,0.200 
290,1724,7.072 ,0.200 
291,1725,7.094 ,0.200 
292,1726,6.827 ,0.200 
293,1727,6.906 ,0.200 
294,1728,7.058 ,0.200 
295,1729,6.867 ,0.200 
296,1730,6.916 ,0.200 
297,1731,6.795 ,0.200 
298,1732,6.985 ,0.200 
299,1733,7.042 ,0.200 
300,1734,6.988 ,0.200 
301,1735,7.077 ,0.200 
302,1736,6.866 ,0.200 
303,1737,7.038 ,0.200 
304,1738,7.045 ,0.200 
305,1739,7.074 ,0.200 
306,1740,7.070 ,0.200 
307,1741,6.887 ,0.200 
308,1742,7.147 ,0.200 
309,1743,6.925 ,0.200 
310,1744,7.021 ,0.200 
311,1745,6.954 ,0.200 
312,1746,6.848 ,0.200 
313,1747,7.047 ,0.200 
314,1748,6.977 ,0.200 
315,1749,6.927 ,0.200 
316,1750,7.109 ,0.200 
317,1751,6.946 ,0.200 
318,1752,6.899 ,0.200 
319,1753,8.000 ,0.400 
320,1754,8.000 ,0.400 
321,1755,8.000 ,0.400 
322,1756,8.000 ,0.400 
323,1757,8.000 ,0.400 
324,1758,8.000 ,0.400 
325,1759,8.000 ,0.400 
326,1760,8.000 ,0.400 
327,1761,8.000 ,0.400 
328,1762,8.000 ,0.400 
329,1763,8.000 ,0.400 
330,1764,8.000 ,0.400 
331,1765,8.000 ,0.400 
332,1766,8.000 ,0.400 
333,1767,8.000 ,0.400 
334,1768,8.000 ,0.400 
335,1769,8.000 ,0.400 
336,1770,8.000 ,0.400 
337,1771,8.000 ,0.400 
338,1772,8.000 ,0.400 
339,1773,8.000 ,0.400 
340,1774,8.000 ,0.400 
341,1775,8.000 ,0.400 
342,1776,8.000 ,0.400 
343,1777,8.000 ,0.400 
344,1778,8.000 ,0.400 
345,1779,8.000 ,0.400 
346,1780,8.000 ,0.400 
347,1781,8.000 ,0.400 
348,1782,8.000 ,0.400 
349,1783,8.000 ,0.400 
350,1784,8.000 ,0.400 
351,1785,8.000 ,0.400 
352,1786,8.000 ,0.400 
353,1787,8.000 ,0.400 
354,1788,8.000 ,0.400 
355,1789,8.000 ,0.400 
356,1790,8.000 ,0.400 
357,1791,8.000 ,0.400 
358,1792,8.000 ,0.400 
359,1793,8.000 ,0.400 
360,1794,8.000 ,0.400 
361,1795,8.000 ,0.400 
362,1796,8.000 ,0.400 
363,1797,8.000 ,0.400 
364,1798,8.000 ,0.400 
365,1799,8.000 ,0.400 
366,1800,8.000 ,0.400 
367,1801,8.000 ,0.400 
368,1802,8.000 ,0.400 
369,1803,8.000 ,0.400 
370,1804,8.000 ,0.400 
371,1805,8.000 ,0.400 
372,1806,8.000 ,0.400 
373,1807,8.000 ,0.400 
374,1808,8.000 ,0.400 
375,1809,8.000 ,0.400 
376,1810,8.000 ,0.400 
377,1811,8.000 ,0.400 
378,1812,8.000 ,0.400 
379,1813,8.000 ,0.400 
380,1814,8.000 ,0.400 
381,1815,8.000 ,0.400 
382,1816,8.000 ,0.400 
383,1817,8.000 ,0.400 
384,1818,8.000 ,0.400 
385,1819,8.000 ,0.400 
386,1820,8.000 ,0.400 
387,1821,8.000 ,0.400 
388,1822,8.000 ,0.400 
389,1823,8.000 ,0.400 
390,1824,8.000 ,0.400 
391,1825,8.000 ,0.400 
392,1826,8.000 ,0.400 
393,1827,8.000 ,0.400 
394,1828,8.000 ,0.400 
395,1829,8.000 ,0.400 
396,1830,8.000 ,0.400 
397,1831,8.000 ,0.400 
398,1832,8.000 ,0.400 
399,1833,8.000 ,0.400 
400,1834,8.000 ,0.400 
401,1835,8.000 ,0.400 
402,1836,8.000 ,0.400 
403,1837,8.000 ,0.400 
404,1838,8.000 ,0.400 
405,1839,8.000 ,0.400 
406,1840,8.000 ,0.400 
407,1841,8.000 ,0.400 
408,1842,8.000 ,0.400 
409,1843,8.000 ,0.400 
410,1844,8.000 ,0.400 
411,1845,8.000 ,0.400 
412,1846,8.000 ,0.400 
413,1847,8.000 ,0.400 
414,1848,8.000 ,0.400 
415,1849,8.000 ,0.400 
416,1850,8.000 ,0.400 
417,1851,8.000 ,0.400 
418,1852,8.000 ,0.400 
419,1853,8.000 ,0.400 
420,1854,8.000 ,0.400 
421,1855,8.000 ,0.400 
422,1856,8.000 ,0.400 
423,1857,8.000 ,0.400 
424,1858,8.000 ,0.400 
425,1859,8.000 ,0.400 
426,1860,8.000 ,0.400 
427,1861,8.000 ,0.400 
428,1862,8.000 ,0.400 
429,1863,8.000 ,0.400 
430,1864,8.000 ,0.400 
431,1865,8.000 ,0.400 
432,1866,8.000 ,0.400 
433,1867,8.000 ,0.400 
434,1868,8.000 ,0.400 
435,1869,8.000 ,0.400 
436,1870,8.000 ,0.400 
437,1871,8.000 ,0.400 
438,1872,8.000 ,0.400 
439,1873,8.000 ,0.400 
440,1874,8.000 ,0.400 
441,1875,8.000 ,0.400 
442,1876,8.000 ,0.400 
443,1877,8.000 ,0.400 
444,1878,8.000 ,0.400 
445,1879,8.000 ,0.400 
446,1880,8.000 ,0.400 
447,1881,8.000 ,0.400 
448,1882,8.000 ,0.400 
449,1883,8.000 ,0.400 
450,1884,8.000 ,0.400 
451,1885,8.000 ,0.400 
452,1886,8.000 ,0.400 
453,1887,8.000 ,0.400 
454,1888,8.000 ,0.400 
455,1889,8.000 ,0.400 
456,1890,8.000 ,0.400 
457,1891,8.000 ,0.400 
458,1892,8.000 ,0.400 
459,1893,8.000 ,0.400 
460,1894,8.000 ,0.400 
461,1895,8.000 ,0.400 
462,1896,8.000 ,0.400 
463,1897,8.000 ,0.400 
464,1898,8.000 ,0.400 
465,1899,8.000 ,0.400 
466,1900,8.000 ,0.400 
467,1901,8.000 ,0.400 
468,1902,8.000 ,0.400 
469,1903,8.000 ,0.400 
470,1904,8.000 ,0.400 
471,1905,8.000 ,0.400 
472,1906,8.000 ,0.400 
473,1907,8.000 ,0.400 
474,1908,8.000 ,0.400 
475,1909,8.000 ,0.400 
476,1910,8.000 ,0.400 
477,1911,8.000 ,0.400 
478,1912,8.000 ,0.400 
479,1913,8.000 ,0.400 
480,1914,8.000 ,0.400 
481,1915,8.000 ,0.400 
482,1916,8.000 ,0.400 
483,1917,8.000 ,0.400 
484,1918,8.000 ,0.400 
485,1919,8.000 ,0.400 
486,1920,8.000 ,0.400 
487,1921,8.000 ,0.400 
488,1922,8.000 ,0.400 
489,1923,8.000 ,0.400 
490,1924,8.000 ,0.400 
491,1925,8.000 ,0.400 
492,1926,8.000 ,0.400 
493,1927,8.000 ,0.400 
494,1928,8.000 ,0.400 
495,1929,8.000 ,0.400 
496,1930,8.000 ,0.400 
497,1931,8.000 ,0.400 
498,1932,8.000 ,0.400 
499,1933,8.000 ,0.400 
500,1934,8.000 ,0.400 
501,1935,8.000 ,0.400 
502,1936,8.000 ,0.400 
503,1937,8.000 ,0.400 
504,1938,8.000 ,0.400 
505,1939,8.000 ,0.400 
506,1940,8.000 ,0.400 
507,1941,8.000 ,0.400 
508,1942,8.000 ,0.400 
509,1943,8.000 ,0.400 
510,1944,8.000 ,0.400 
511,1945,8.000 ,0.400 
512,1946,8.000 ,0.400 
513,1947,8.000 ,0.400 
514,1948,8.000 ,0.400 
515,1949,8.000 ,0.400 
516,1950,8.000 ,0.400 
517,1951,8.000 ,0.400 
518,1952,8.000 ,0.400 
519,1953,8.000 ,0.400 
520,1954,8.000 ,0.400 
521,1955,8.000 ,0.400 
522,1956,8.000 ,0.400 
523,1957,8.000 ,0.400 
524,1958,8.000 ,0.400 
525,1959,8.000 ,0.400 
526,1960,8.000 ,0.400 
527,1961,8.000 ,0.400 
528,1962,8.000 ,0.400 
529,1963,8.000 ,0.400 
530,1964,8.000 ,0.400 
531,1965,8.000 ,0.400 
532,1966,8.000 ,0.400 
533,1967,8.000 ,0.400 
534,1968,8.000 ,0.400 
535,1969,8.000 ,0.400 
536,1970,8.000 ,0.400 
537,1971,8.000 ,0.400 
538,1972,8.000 ,0.400 
539,1973,8.000 ,0.400 
540,1974,8.000 ,0.400 
541,1975,8.000 ,0.400 
542,1976,8.000 ,0.400 
543,1977,8.000 ,0.400 
544,1978,8.000 ,0.400 
545,1979,8.000 ,0.400 
546,1980,8.000 ,0.400 
547,1981,8.000 ,0.400 
548,1982,8.000 ,0.400 
549,1983,8.000 ,0.400 
550,1984,8.000 ,0.400 
551,1985,8.000 ,0.400 
552,1986,8.000 ,0.400 
553,1987,8.000 ,0.400 
554,1988,8.000 ,0.400 
555,1989,8.000 ,0.400 
556,1990,8.000 ,0.400 
557,1991,8.000 ,0.400 
558,1992,8.000 ,0.400 
559,1993,8.000 ,0.400 
560,1994,8.000 ,0.400 
561,1995,8.000 ,0.400 
562,1996,8.000 ,0.400 
563,1997,8.000 ,0.400 
564,1998,8.000 ,0.400 
565,1999,8.000 ,0.400 
566,2000,8.000 ,0.400 
567,2001,8.000 ,0.400 
568,2002,8.000 ,0.400 
569,2003,8.000 ,0.400 
570,2004,8.000 ,0.400 
571,2005,8.000 ,0.400 
572,2006,8.000 ,0.400 
573,2007,8.000 ,0.400 
574,2008,8.000 ,0.400 
575,2009,8.000 ,0.400 
576,2010,8.000 ,0.400 
577,2011,8.000 ,0.400 
578,2012,8.000 ,0.400 
579,2013,8.000 ,0.400 
580,2014,8.000 ,0.400 
581,2015,8.000 ,0.400 
582,2016,8.000 ,0.400 
583,2017,8.000 ,0.400 
584,2018,8.000 ,0.400 
585,2019,8.000 ,0.400 
586,2020,8.000 ,0.400 
587,2021,8.000 ,0.400 
588,2022,8.000 ,0.400 
589,2023,8.000 ,0.400 
590,2024,8.000 ,0.400 
591,2025,8.000 ,0.400 
592,2026,8.000 ,0.400 
593,2027,8.000 ,0.400 
594,2028,8.000 ,0.400 
595,2029,8.000 ,0.400 
596,2030,8.000 ,0.400 
597,2031,8.000 ,0.400 
598,2032,8.000 ,0.400 
599,2033,8.000 ,0.400 
600,2034,8.000 ,0.400 
601,2035,8.000 ,0.400 
602,2036,8.000 ,0.400 
603,2037,8.000 ,0.400 
604,2038,8.000 ,0.400 
605,2039,8.000 ,0.400 
606,2040,8.000 ,0.400 
607,2041,8.000 ,0.400 
608,2042,8.000 ,0.400 
609,2043,8.000 ,0.400 
610,2044,8.000 ,0.400 
611,2045,8.000 ,0.400 
612,2046,8.000 ,0.400 
613,2047,8.000 ,0.400 
614,2048,8.000 ,0.400 
615,2049,8.000 ,0.400 
616,2050,8.000 ,0.400 
617,2051,8.000 ,0.400 
618,2052,8.000 ,0.400 
619,2053,8.000 ,0.400 
620,2054,8.000 ,0.400 
621,2055,8.000 ,0.400 
622,2056,8.000 ,0.400 
623,2057,8.000 ,0.400 
624,2058,8.000 ,0.400 
625,2059,8.000 ,0.400 
626,2060,8.000 ,0.400 
627,2061,8.000 ,0.400 
628,2062,8.000 ,0.400 
629,2063,8.000 ,0.400 
630,2064,8.000 ,0.400 
631,2065,8.000 ,0.400 
632,2066,8.000 ,0.400 
633,2067,8.000 ,0.400 
634,2068,8.000 ,0.400 
635,2069,8.000 ,0.400 
636,2070,8.000 ,0.400 
637,2071,8.000 ,0.400 
638,2072,8.000 ,0.400 
639,2073,8.000 ,0.400 
640,2074,8.000 ,0.400 
641,2075,8.000 ,0.400 
642,2076,8.000 ,0.400 
643,2077,8.000 ,0.400 
644,2078,8.000 ,0.400 
645,2079,8.000 ,0.400 
646,2080,8.000 ,0.400 
647,2081,8.000 ,0.400 
648,2082,8.000 ,0.400 
649,2083,8.000 ,0.400 
650,2084,8.000 ,0.400 
651,2085,8.000 ,0.400 
652,2086,8.000 ,0.400 
653,2087,8.000 ,0.400 
654,2088,8.000 ,0.400 
655,2089,8.000 ,0.400 
656,2090,8.000 ,0.400 
657,2091,8.000 ,0.400 
658,2092,8.000 ,0.400 
659,2093,8.000 ,0.400 
660,2094,8.000 ,0.400 
661,2095,8.000 ,0.400 
662,2096,8.000 ,0.400 
663,2097,8.000 ,0.400 
664,2098,8.000 ,0.400 
665,2099,8.000 ,0.400 
666,2100,8.000 ,0.400 
667,2101,8.000 ,0.400 
668,2102,8.000 ,0.400 
669,2103,8.000 ,0.400 
670,2104,8.000 ,0.400 
671,2105,8.000 ,0.400 
672,2106,8.000 ,0.400 
673,2107,8.000 ,0.400 
674,2108,8.000 ,0.400 
675,2109,8.000 ,0.400 
676,2110,8.000 ,0.400 
677,2111,8.000 ,0.400 
678,2112,8.000 ,0.400 
679,2113,8.000 ,0.400 
680,2114,0.000 ,0.400 
681,2115,8.000 ,0.400 
682,2116,8.000 ,0.400 
683,2117,8.000 ,0.400 
684,2118,8.000 ,0.400 
685,2119,8.000 ,0.400 
686,2120,8.000 ,0.400 
687,2121,8.000 ,0.400 
688,2122,8.000 ,0.400 
689,2123,8.000 ,0.400 
690,2124,8.000 ,0.400 
691,2125,8.000 ,0.400 
692,2126,8.000 ,0.400 
693,2127,8.000 ,0.400 
694,2128,8.000 ,0.400 
695,2129,8.000 ,0.400 
696,2130,8.000 ,0.400 
697,2131,8.000 ,0.400 
698,2132,8.000 ,0.400 
699,2133,8.000 ,0.400 
700,2134,8.000 ,0.400 
701,2135,8.000 ,0.400 
702,2136,8.000 ,0.400 
703,2137,8.000 ,0.400 
704,2138,8.000 ,0.400 
705,2139,8.000 ,0.400 
706,2140,8.000 ,0.400 
707,2141,8.000 ,0.400 
708,2142,8.000 ,0.400 
709,2143,8.000 ,0.400 
710,2144,8.000 ,0.400 
711,2145,8.000 ,0.400 
712,2146,8.000 ,0.400 
713,2147,8.000 ,0.400 
714,2148,8.000 ,0.400 
715,2149,8.000 ,0.400 
716,2150,8.000 ,0.400 
717,2151,8.000 ,0.400 
718,2152,8.000 ,0.400 
719,2153,8.000 ,0.400 
720,2154,8.000 ,0.400 
721,2155,8.000 ,0.400 
722,2156,8.000 ,0.400 
723,2157,8.000 ,0.400 
724,2158,8.000 ,0.400 
725,2159,8.000 ,0.400 
726,2160,8.000 ,0.400 
727,2161,8.000 ,0.400 
728,2162,8.000 ,0.400 
729,2163,8.000 ,0.400 
730,2164,8.000 ,0.400 
731,2165,8.000 ,0.400 
732,2166,8.000 ,0.400 
733,2167,8.000 ,0.400 
734,2168,8.000 ,0.400 
735,2169,8.000 ,0.400 
736,2170,8.000 ,0.400 
737,2171,8.000 ,0.400 
738,2172,8.000 ,0.400 
739,2173,8.000 ,0.400 
740,2174,8.000 ,0.400 
741,2175,8.000 ,0.400 
742,2176,8.000 ,0.400 
743,2177,8.000 ,0.400 
744,2178,8.000 ,0.400 
745,2179,8.000 ,0.400 
746,2180,8.000 ,0.400 
747,2181,8.000 ,0.400 
748,2182,8.000 ,0.400 
749,2183,8.000 ,0.400 
750,2184,8.000 ,0.400 
751,2185,8.000 ,0.400 
752,2186,8.000 ,0.400 
753,2187,8.000 ,0.400 
754,2188,8.000 ,0.400 
755,2189,8.000 ,0.400 
756,2190,8.000 ,0.400 
757,2191,8.000 ,0.400 
758,2192,8.000 ,0.400 
759,2193,8.000 ,0.400 
760,2194,8.000 ,0.400 
761,2195,8.000 ,0.400 
762,2196,8.000 ,0.400 
763,2197,8.000 ,0.400 
764,2198,8.000 ,0.400 
765,2199,8.000 ,0.400 
766,2200,8.000 ,0.400 
767,2201,8.000 ,0.400 
768,2202,8.000 ,0.400 
769,2203,8.000 ,0.400 
770,2204,8.000 ,0.400 
771,2205,8.000 ,0.400 
772,2206,8.000 ,0.400 
773,2207,8.000 ,0.400 
774,2208,8.000 ,0.400 
775,2209,8.000 ,0.400 
776,2210,8.000 ,0.400 
777,2211,8.000 ,0.400 
778,2212,8.000 ,0.400 
779,2213,8.000 ,0.400 
780,2214,8.000 ,0.400 
781,2215,8.000 ,0.400 
782,2216,8.000 ,0.400 
783,2217,8.000 ,0.400 
784,2218,8.000 ,0.400 
785,2219,8.000 ,0.400 
786,2220,8.000 ,0.400 
787,2221,8.000 ,0.400 
788,2222,8.000 ,0.400 
789,2223,8.000 ,0.400 
790,2224,8.000 ,0.400 
791,2225,8.000 ,0.400 
792,2226,8.000 ,0.400 
793,2227,8.000 ,0.400 
794,2228,8.000 ,0.400 
795,2229,8.000 ,0.400 
796,2230,8.000 ,0.400 
797,2231,8.000 ,0.400 
798,2232,8.000 ,0.400 
799,2233,8.000 ,0.400 
800,2234,8.000 ,0.400 
801,2235,8.000 ,0.400 
802,2236,8.000 ,0.400 
803,2237,8.000 ,0.400 
804,2238,8.000 ,0.400 
805,2239,8.000 ,0.400 
806,2240,8.000 ,0.400 
807,2241,8.000 ,0.400 
808,2242,8.000 ,0.400 
809,2243,8.000 ,0.400 
810,2244,8.000 ,0.400 
811,2245,8.000 ,0.400 
812,2246,8.000 ,0.400 
813,2247,8.000 ,0.400 
814,2248,8.000 ,0.400 
815,2249,8.000 ,0.400 
816,2250,8.000 ,0.400 
817,2251,8.000 ,0.400 
818,2252,8.000 ,0.400 
819,2253,8.000 ,0.400 
820,2254,8.000 ,0.400 
821,2255,8.000 ,0.400 
822,2256,8.000 ,0.400 
823,2257,8.000 ,0.400 
824,2258,8.000 ,0.400 
825,2259,8.000 ,0.400 
826,2260,8.000 ,0.400 
827,2261,8.000 ,0.400 
828,2262,8.000 ,0.400 
829,2263,8.000 ,0.400 
830,2264,8.000 ,0.400 
831,2265,8.000 ,0.400 
832,2266,8.000 ,0.400 
833,2267,8.000 ,0.400 
834,2268,8.000 ,0.400 
835,2269,8.000 ,0.400 
836,2270,8.000 ,0.400 
837,2271,8.000 ,0.400 
838,2272,8.000 ,0.400 
839,2273,8.000 ,0.400 
840,2274,8.000 ,0.400 
841,2275,8.000 ,0.400 
842,2276,8.000 ,0.400 
843,2277,8.000 ,0.400 
844,2278,8.000 ,0.400 
845,2279,8.000 ,0.400 
846,2280,8.000 ,0.400 
847,2281,8.000 ,0.400 
848,2282,8.000 ,0.400 
849,2283,8.000 ,0.400 
850,2284,8.000 ,0.400 
851,2285,8.000 ,0.400 
852,2286,8.000 ,0.400 
853,2287,8.000 ,0.400 
854,2288,8.000 ,0.400 
855,2289,8.000 ,0.400 
856,2290,8.000 ,0.400 
857,2291,8.000 ,0.400 
858,2292,8.000 ,0.400 
859,2293,8.000 ,0.400 
860,2294,8.000 ,0.400 
861,2295,8.000 ,0.400 
862,2296,8.000 ,0.400 
863,2297,8.000 ,0.400 
864,2298,8.000 ,0.400 
865,2299,8.000 ,0.400 
866,2300,8.000 ,0.400 
867,2301,8.000 ,0.400 
868,2302,8.000 ,0.400 
869,2303,8.000 ,0.400 
870,2304,8.000 ,0.400 
871,2305,8.000 ,0.400 
872,2306,8.000 ,0.400 
873,2307,8.000 ,0.400 
874,2308,8.000 ,0.400 
875,2309,8.000 ,0.400 
876,2310,8.000 ,0.400 
877,2311,8.000 ,0.400 
878,2312,8.000 ,0.400 
879,2313,8.000 ,0.400 
880,2314,8.000 ,0.400 
881,2315,8.000 ,0.400 
882,2316,8.000 ,0.400 
883,2317,8.000 ,0.400 
884,2318,8.000 ,0.400 
885,2319,8.000 ,0.400 
886,2320,8.000 ,0.400 
887,2321,8.000 ,0.400 
888,2322,8.000 ,0.400 
889,2323,8.000 ,0.400 
890,2324,8.000 ,0.400 
891,2325,8.000 ,0.400 
892,2326,8.000 ,0.400 
893,2327,8.000 ,0.400 
894,2328,8.000 ,0.400 
895,2329,8.000 ,0.400 
896,2330,8.000 ,0.400 
897,2331,8.000 ,0.400 
898,2332,8.000 ,0.400 
899,2333,8.000 ,0.400 
900,2334,8.000 ,0.400 
901,2335,8.000 ,0.400 
902,2336,8.000 ,0.400 
903,2337,8.000 ,0.400 
904,2338,8.000 ,0.400 
905,2339,8.000 ,0.400 
906,2340,8.000 ,0.400 
907,2341,8.000 ,0.400 
908,2342,8.000 ,0.400 
909,2343,8.000 ,0.400 
910,2344,8.000 ,0.400 
911,2345,8.000 ,0.400 
912,2346,8.000 ,0.400 
913,2347,8.000 ,0.400 
914,2348,8.000 ,0.400 
915,2349,8.000 ,0.400 
916,2350,8.000 ,0.400 
917,2351,8.000 ,0.400 
918,2352,8.000 ,0.400 
919,2353,8.000 ,0.400 
920,2354,8.000 ,0.400 
921,2355,8.000 ,0.400 
922,2356,8.000 ,0.400 
923,2357,8.000 ,0.400 
924,2358,8.000 ,0.400 
925,2359,8.000 ,0.400 
926,2360,8.000 ,0.400 
927,2361,8.000 ,0.400 
928,2362,8.000 ,0.400 
929,2363,8.000 ,0.400 
930,2364,8.000 ,0.400 
931,2365,8.000 ,0.400 
932,2366,8.000 ,0.400 
933,2367,8.000 ,0.400 
934,2368,8.000 ,0.400 
935,2369,8.000 ,0.400 
936,2370,8.000 ,0.400 
937,2371,8.000 ,0.400 
938,2372,8.000 ,0.400 
939,2373,8.000 ,0.400 
940,2374,8.000 ,0.400 
941,2375,8.000 ,0.400 
942,2376,8.000 ,0.400 
943,2377,8.000 ,0.400 
944,2378,8.000 ,0.400 
945,2379,8.000 ,0.400 
946,2380,8.000 ,0.400 
947,2381,8.000 ,0.400 
948,2382,8.000 ,0.400 
949,2383,8.000 ,0.400 
950,2384,8.000 ,0.400 
951,2385,8.000 ,0.400 
952,2386,8.000 ,0.400 
953,2387,8.000 ,0.400 
954,2388,8.000 ,0.400 
955,2389,8.000 ,0.400 
956,2390,8.000 ,0.400 
957,2391,8.000 ,0.400 
958,2392,8.000 ,0.400 
959,2393,8.000 ,0.400 
960,2394,8.000 ,0.400 
961,2395,8.000 ,0.400 
962,2396,8.000 ,0.400 
963,2397,8.000 ,0.400 
964,2398,8.000 ,0.400 
965,2399,8.000 ,0.400 
966,2400,8.000 ,0.400 
967,2401,8.000 ,0.400 
968,2402,8.000 ,0.400 
969,2403,8.000 ,0.400 
970,2404,8.000 ,0.400 
971,2405,8.000 ,0.400 
972,2406,8.000 ,0.400 
973,2407,8.000 ,0.400 
974,2408,8.000 ,0.400 
975,2409,8.000 ,0.400 
976,2410,8.000 ,0.400 
977,2411,8.000 ,0.400 
978,2412,8.000 ,0.400 
979,2413,8.000 ,0.400 
980,2414,8.000 ,0.400 
981,2415,8.000 ,0.400 
982,2416,8.000 ,0.400 
983,2417,8.000 ,0.400 
984,2418,8.000 ,0.400 
985,2419,8.000 ,0.400 
986,2420,8.000 ,0.400 
987,2421,8.000 ,0.400 
988,2422,8.000 ,0.400 
989,2423,8.000 ,0.400 
990,2424,8.000 ,0.400 
991,2425,8.000 ,0.400 
992,2426,8.000 ,0.400 
993,2427,8.000 ,0.400 
994,2428,8.000 ,0.400 
995,2429,8.000 ,0.400 
996,2430,8.000 ,0.400 
997,2431,8.000 ,0.400 
998,2432,8.000 ,0.400 
999,2433,8.000 ,0.400 
1000,2434,8.000 ,0.400 
1001,2435,8.000 ,0.400 
1002,2436,8.000 ,0.400 
1003,2437,8.000 ,0.400 
1004,2438,8.000 ,0.400 
1005,2439,8.000 ,0.400 
1006,2440,8.000 ,0.400 
1007,2441,8.000 ,0.400 
1008,2442,8.000 ,0.400 
1009,2443,8.000 ,0.400 
1010,2444,8.000 ,0.400 
1011,2445,8.000 ,0.400 
1012,2446,8.000 ,0.400 
1013,2447,8.000 ,0.400 
1014,2448,8.000 ,0.400 
1015,2449,8.000 ,0.400 
1016,2450,8.000 ,0.400 
1017,2451,8.000 ,0.400 
1018,2452,8.000 ,0.400 
1019,2453,8.000 ,0.400 
1020,2454,8.000 ,0.400 
1021,2455,8.000 ,0.400 
1022,2456,8.000 ,0.400 
1023,2457,8.000 ,0.400 
1024,2458,8.000 ,0.400 
1025,2459,8.000 ,0.400 
1026,2460,8.000 ,0.400 
1027,2461,8.000 ,0.400 
1028,2462,8.000 ,0.400 
1029,2463,8.000 ,0.400 
1030,2464,8.000 ,0.400 
1031,2465,8.000 ,0.400 
1032,2466,8.000 ,0.400 
1033,2467,8.000 ,0.400 
1034,2468,8.000 ,0.400 
1035,2469,8.000 ,0.400 
1036,2470,8.000 ,0.400 
1037,2471,8.000 ,0.400 
1038,2472,8.000 ,0.400 
1039,2473,8.000 ,0.400 
1040,2474,8.000 ,0.400 
1041,2475,8.000 ,0.400 
1042,2476,8.000 ,0.400 
1043,2477,8.000 ,0.400 
1044,2478,8.000 ,0.400 
1045,2479,8.000 ,0.400 
1046,2480,8.000 ,0.400 
1047,2481,8.000 ,0.400 
1048,2482,8.000 ,0.400 
1049,2483,8.000 ,0.400 
1050,2484,8.000 ,0.400 
1051,2485,8.000 ,0.400 
1052,2486,8.000 ,0.400 
1053,2487,8.000 ,0.400 
1054,2488,8.000 ,0.400 
1055,2489,8.000 ,0.400 
1056,2490,8.000 ,0.400 
1057,2491,8.000 ,0.400 
1058,2492,8.000 ,0.400 
1059,2493,8.000 ,0.400 
1060,2494,8.000 ,0.400 
1061,2495,8.000 ,0.400 
1062,2496,8.000 ,0.400 
1063,2497,8.000 ,0.400 
1064,2498,8.000 ,0.400 
1065,2499,8.000 ,0.400 
1066,2500,8.000 ,0.400 
1067,2501,8.000 ,0.400 
1068,2502,3.135 ,0.060 
1069,2503,2.456 ,0.060 
1070,2504,1.840 ,0.060 
1071,2505,2.083 ,0.060 
1072,2506,2.548 ,0.060 
1073,2507,2.473 ,0.060 
1074,2508,2.448 ,0.060 
1075,2509,5.693 ,0.060 
1076,2510,2.819 ,0.060 
1077,2511,2.362 ,0.060 
1078,2512,2.510 ,0.060 
1079,2513,2.401 ,0.060 
1080,2514,2.266 ,0.060 
1081,2515,2.376 ,0.060 
1082,2516,3.249 ,0.060 
1083,2517,2.182 ,0.060 
1084,2518,5.798 ,0.060 
1085,2519,2.755 ,0.060 
1086,2520,2.163 ,0.060 
1087,2521,2.435 ,0.060 
1088,2522,2.332 ,0.060 
1089,2523,2.825 ,0.060 
1090,2524,2.295 ,0.060 
1091,2525,2.307 ,0.060 
1092,2526,1.879 ,0.060 
1093,2527,2.731 ,0.060 
1094,2528,2.418 ,0.060 
1095,2529,3.189 ,0.060 
1096,2530,2.374 ,0.060 
1097,2531,5.324 ,0.060 
1098,2532,2.775 ,0.060 
1099,2533,1.456 ,0.060 
1100,2534,2.386 ,0.060 
1101,2535,2.443 ,0.060 
1102,2536,2.097 ,0.060 
1103,2537,2.580 ,0.060 
1104,2538,2.654 ,0.060 
1105,2539,3.120 ,0.060 
1106,2540,2.652 ,0.060 
1107,2541,2.512 ,0.060 
1108,2542,6.477 ,0.060 
1109,2543,2.645 ,0.060 
1110,2544,2.631 ,0.060 
1111,2545,3.583 ,0.060 
1112,2546,2.495 ,0.060 
1113,2547,7.548 ,0.060 
1114,2548,2.919 ,0.060 
1115,2549,7.549 ,0.060 
1116,2550,2.395 ,0.060 
1117,2551,2.752 ,0.060 
1118,2552,2.575 ,0.060 
1119,2553,3.200 ,0.060 
1120,2554,2.897 ,0.060 
1121,2555,2.885 ,0.060 
1122,2556,7.429 ,0.060 
1123,2557,6.892 ,0.060 
1124,2558,2.784 ,0.060 
1125,2559,3.240 ,0.060 
1126,2560,2.506 ,0.060 
1127,2561,2.593 ,0.060 
1128,2562,2.404 ,0.060 
1129,2563,2.943 ,0.060 
1130,2564,2.815 ,0.060 
1131,2565,3.266 ,0.060 
1132,2566,3.043 ,0.060 
1133,2567,2.416 ,0.060 
1134,2568,2.391 ,0.060 
1135,2569,3.252 ,0.060 
1136,2570,2.760 ,0.060 
1137,2571,2.427 ,0.060 
1138,2572,2.391 ,0.060 
1139,2573,2.633 ,0.060 
1140,2574,1.883 ,0.060 
1141,2575,1.900 ,0.060 
1142,2576,2.455 ,0.060 
1143,2577,2.804 ,0.060 
1144,2578,3.255 ,0.060 
1145,2579,3.301 ,0.060 
1146,2580,3.496 ,0.060 
1147,2581,2.422 ,0.060 
1148,2582,3.109 ,0.060 
1149,2583,3.198 ,0.060 
1150,2584,3.057 ,0.060 
1151,2585,3.174 ,0.060 
1152,2586,2.403 ,0.060 
1153,2587,3.028 ,0.060 
1154,2588,2.431 ,0.060 
1155,2589,2.403 ,0.060 
1156,2590,3.079 ,0.060 
1157,2591,3.198 ,0.060 
1158,2592,3.357 ,0.060 
1159,2593,2.821 ,0.060 
1160,2594,2.734 ,0.060 
1161,2595,3.272 ,0.060 
1162,2596,2.340 ,0.060 
1163,2597,3.192 ,0.060 
1164,2598,2.625 ,0.060 
1165,2599,3.220 ,0.060 
1166,2600,3.098 ,0.060 
1167,2601,2.319 ,0.060 
1168,2602,3.141 ,0.060 
1169,2603,2.405 ,0.060 
1170,2604,3.180 ,0.060 
1171,2605,2.400 ,0.060 
1172,2606,2.430 ,0.060 
1173,2607,3.223 ,0.060 
1174,2608,2.415 ,0.060 
1175,2609,3.275 ,0.060 
1176,2610,2.392 ,0.060 
1177,2611,2.350 ,0.060 
1178,2612,2.422 ,0.060 
1179,2613,2.813 ,0.060 
1180,2614,2.320 ,0.060 
1181,2615,2.380 ,0.060 
1182,2616,3.044 ,0.060 
1183,2617,2.359 ,0.060 
1184,2618,2.287 ,0.060 
1185,2619,2.360 ,0.060 
1186,2620,2.796 ,0.060 
1187,2621,2.352 ,0.060 
1188,2622,2.360 ,0.060 
1189,2623,2.356 ,0.060 
1190,2624,2.795 ,0.060 
1191,2625,3.094 ,0.060 
1192,2626,2.319 ,0.060 
1193,2627,3.167 ,0.060 
1194,2628,2.099 ,0.060 
1195,2629,2.288 ,0.060 
1196,2630,3.048 ,0.060 
1197,2631,3.208 ,0.060 
1198,2632,3.082 ,0.060 
1199,2633,3.207 ,0.060 
1200,2634,2.604 ,0.060 
1201,2635,2.405 ,0.060 
1202,2636,3.025 ,0.060 
1203,2637,2.266 ,0.060 
1204,2638,2.672 ,0.060 
1205,2639,2.353 ,0.060 
1206,2640,2.520 ,0.060 
1207,2641,3.151 ,0.060 
1208,2642,2.353 ,0.060 
1209,2643,2.365 ,0.060 
1210,2644,2.381 ,0.060 
1211,2645,3.026 ,0.060 
1212,2646,2.346 ,0.060 
1213,2647,2.306 ,0.060 
1214,2648,2.758 ,0.060 
1215,2649,2.337 ,0.060 
1216,2650,2.322 ,0.060 
1217,2651,3.117 ,0.060 
1218,2652,2.790 ,0.060 
1219,2653,2.333 ,0.060 
1220,2654,2.977 ,0.060 
1221,2655,2.662 ,0.060 
1222,2656,2.421 ,0.060 
1223,2657,3.214 ,0.060 
1224,2658,2.382 ,0.060 
1225,2659,2.361 ,0.060 
1226,2660,3.183 ,0.060 
1227,2661,3.223 ,0.060 
1228,2662,2.335 ,0.060 
1229,2663,3.295 ,0.060 
1230,2664,2.340 ,0.060 
1231,2665,2.730 ,0.060 
1232,2666,3.152 ,0.060 
1233,2667,2.690 ,0.060 
1234,2668,2.413 ,0.060 
1235,2669,2.372 ,0.060 
1236,2670,3.213 ,0.060 
1237,2671,3.119 ,0.060 
1238,2672,2.454 ,0.060 
1239,2673,2.274 ,0.060 
1240,2674,3.181 ,0.060 
1241,2675,3.198 ,0.060 
1242,2676,2.767 ,0.060 
1243,2677,2.517 ,0.060 
1244,2678,2.863 ,0.060 
1245,2679,2.312 ,0.060 
1246,2680,2.821 ,0.060 
1247,2681,3.512 ,0.060 
1248,2682,3.084 ,0.060 
1249,2683,2.827 ,0.060 
1250,2684,3.037 ,0.060 
1251,2685,2.314 ,0.060 
1252,2686,3.328 ,0.060 
1253,2687,2.324 ,0.060 
1254,2688,2.770 ,0.060 
1255,2689,3.206 ,0.060 
1256,2690,2.310 ,0.060 
1257,2691,3.036 ,0.060 
1258,2692,3.128 ,0.060 
1259,2693,3.089 ,0.060 
1260,2694,3.215 ,0.060 
1261,2695,3.121 ,0.060 
1262,2696,3.078 ,0.060 
1263,2697,3.116 ,0.060 
1264,2698,2.972 ,0.060 
1265,2699,3.120 ,0.060 
1266,2700,2.234 ,0.060 
1267,2701,2.901 ,0.060 
1268,2702,2.735 ,0.060 
1269,2703,2.279 ,0.060 
1270,2704,2.426 ,0.060 
1271,2705,2.088 ,0.060 
1272,2706,3.171 ,0.060 
1273,2707,2.542 ,0.060 
1274,2708,2.450 ,0.060 
1275,2709,2.872 ,0.060 
1276,2710,3.272 ,0.060 
1277,2711,2.568 ,0.060 
1278,2712,3.218 ,0.060 
1279,2713,3.169 ,0.060 
1280,2714,3.181 ,0.060 
1281,2715,2.643 ,0.060 
1282,2716,3.136 ,0.060 
1283,2717,3.263 ,0.060 
1284,2718,3.169 ,0.060 
1285,2719,2.057 ,0.060 
1286,2720,3.072 ,0.060 
1287,2721,2.745 ,0.060 
1288,2722,3.087 ,0.060 
1289,2723,2.364 ,0.060 
1290,2724,3.091 ,0.060 
1291,2725,3.162 ,0.060 
1292,2726,2.384 ,0.060 
1293,2727,2.674 ,0.060 
1294,2728,2.860 ,0.060 
1295,2729,2.439 ,0.060 
1296,2730,2.365 ,0.060 
1297,2731,3.159 ,0.060 
1298,2732,2.660 ,0.060 
1299,2733,2.340 ,0.060 
1300,2734,3.579 ,0.060 
1301,2735,3.144 ,0.060 
1302,2736,2.380 ,0.060 
1303,2737,2.896 ,0.060 
1304,2738,3.102 ,0.060 
1305,2739,3.267 ,0.060 
1306,2740,3.163 ,0.060 
1307,2741,3.314 ,0.060 
1308,2742,3.378 ,0.060 
1309,2743,2.388 ,0.060 
1310,2744,2.354 ,0.060 
1311,2745,2.914 ,0.060 
1312,2746,2.799 ,0.060 
1313,2747,2.356 ,0.060 
1314,2748,2.335 ,0.060 
1315,2749,2.536 ,0.060 
1316,2750,2.904 ,0.060 
1317,2751,3.120 ,0.060 
1318,2752,3.987 ,0.060 
1319,2753,2.821 ,0.060 
1320,2754,2.147 ,0.060 
1321,2755,3.193 ,0.060 
1322,2756,3.289 ,0.060 
1323,2757,2.950 ,0.060 
1324,2758,2.098 ,0.060 
1325,2759,1.344 ,0.060 
1326,2760,1.823 ,0.060 
1327,2761,2.227 ,0.060 
1328,2762,1.670 ,0.060 
1329,2763,5.474 ,0.060 
1330,2764,1.706 ,0.060 
1331,2765,1.363 ,0.060 
1332,2766,1.533 ,0.060 
1333,2767,1.284 ,0.060 
1334,2768,2.569 ,0.060 
1335,2769,2.167 ,0.060 
1336,2770,1.318 ,0.060 
1337,2771,2.351 ,0.060 
1338,2772,2.922 ,0.060 
1339,2773,2.098 ,0.060 
1340,2774,1.488 ,0.060 
1341,2775,1.189 ,0.060 
1342,2776,1.849 ,0.060 
1343,2777,1.400 ,0.060 
1344,2778,2.487 ,0.060 
1345,2779,1.739 ,0.060 
1346,2780,2.126 ,0.060 
1347,2781,2.591 ,0.060 
1348,2782,2.431 ,0.060 
1349,2783,2.371 ,0.060 
1350,2784,2.445 ,0.060 
1351,2785,2.729 ,0.060 
1352,2786,2.150 ,0.060 
1353,2787,3.092 ,0.060 
1354,2788,2.279 ,0.060 
1355,2789,3.724 ,0.060 
1356,2790,2.464 ,0.060 
1357,2791,2.951 ,0.060 
1358,2792,3.731 ,0.060 
1359,2793,2.069 ,0.060 
1360,2794,3.681 ,0.060 
1361,2795,2.302 ,0.060 
1362,2796,3.692 ,0.060 
1363,2797,2.313 ,0.060 
1364,2798,2.724 ,0.060 
1365,2799,3.497 ,0.060 
1366,2800,3.169 ,0.060 
1367,2801,2.748 ,0.060 
1368,2802,1.881 ,0.060 
1369,2803,1.723 ,0.060 
1370,2804,2.186 ,0.060 
1371,2805,1.637 ,0.060 
1372,2806,3.172 ,0.060 
1373,2807,3.051 ,0.060 
1374,2808,2.938 ,0.060 
1375,2809,2.829 ,0.060 
1376,2810,0.752 ,0.060 
1377,2811,2.606 ,0.060 
1378,2812,2.753 ,0.060 
1379,2813,2.529 ,0.060 
1380,2814,3.382 ,0.060 
1381,2815,2.381 ,0.060 
1382,2816,2.652 ,0.060 
1383,2817,1.927 ,0.060 
1384,2818,1.867 ,0.060 
1385,2819,3.319 ,0.060 
1386,2820,2.362 ,0.060 
1387,2821,2.314 ,0.060 
1388,2822,3.245 ,0.060 
1389,2823,2.261 ,0.060 
1390,2824,2.497 ,0.060 
1391,2825,2.653 ,0.060 
1392,2826,2.839 ,0.060 
1393,2827,2.712 ,0.060 
1394,2828,2.521 ,0.060 
1395,2829,3.575 ,0.060 
1396,2830,2.511 ,0.060 
1397,2831,3.011 ,0.060 
1398,2832,3.164 ,0.060 
1399,2833,3.087 ,0.060 
1400,2834,3.392 ,0.060 
1401,2835,2.614 ,0.060 
1402,2836,2.513 ,0.060 
1403,2837,2.516 ,0.060 
1404,2838,2.459 ,0.060 
1405,2839,3.064 ,0.060 
1406,2840,2.438 ,0.060 
1407,2841,2.383 ,0.060 
1408,2842,2.336 ,0.060 
1409,2843,2.519 ,0.060 
1410,2844,2.386 ,0.060 
1411,2845,2.966 ,0.060 
1412,2846,2.680 ,0.060 
1413,2847,2.812 ,0.060 
1414,2848,2.436 ,0.060 
1415,2849,2.482 ,0.060 
1416,2850,3.369 ,0.060 
1417,2851,2.423 ,0.060 
1418,2852,2.427 ,0.060 
1419,2853,2.437 ,0.060 
1420,2854,2.333 ,0.060 
1421,2855,2.508 ,0.060 
1422,2856,3.165 ,0.060 
1423,2857,2.008 ,0.060 
1424,2858,3.337 ,0.060 
1425,2859,3.160 ,0.060 
1426,2860,6.237 ,0.060 
1427,2861,1.245 ,0.060 
1428,2862,3.008 ,0.060 
1429,2863,2.605 ,0.060 
1430,2864,2.789 ,0.060 
1431,2865,10.000 ,0.060 
1432,2866,2.804 ,0.060 
1433,2867,10.000 ,0.060 
1434,2868,2.525 ,0.060 
1435,2869,2.421 ,0.060 
1436,2870,3.055 ,0.060 
1437,2871,2.663 ,0.060 
1438,2872,2.397 ,0.060 
1439,2873,2.382 ,0.060 
1440,2874,2.434 ,0.060 
1441,2875,2.362 ,0.060 
1442,2876,2.411 ,0.060 
1443,2877,2.374 ,0.060 
1444,2878,2.453 ,0.060 
1445,2879,2.563 ,0.060 
1446,2880,2.824 ,0.060 
1447,2881,2.463 ,0.060 
1448,2882,2.436 ,0.060 
1449,2883,3.170 ,0.060 
1450,2884,3.510 ,0.060 
1451,2885,2.419 ,0.060 
1452,2886,2.575 ,0.060 
1453,2887,2.430 ,0.060 
1454,2888,2.524 ,0.060 
1455,2889,2.419 ,0.060 
1456,2890,2.419 ,0.060 
1457,2891,2.672 ,0.060 
1458,2892,2.525 ,0.060 
1459,2893,2.376 ,0.060 
1460,2894,2.501 ,0.060 
1461,2895,2.555 ,0.060 
1462,2896,2.854 ,0.060 
1463,2897,2.483 ,0.060 
1464,2898,2.316 ,0.060 
1465,2899,2.818 ,0.060 
1466,2900,2.809 ,0.060 
1467,2901,2.761 ,0.060 
1468,2902,3.200 ,0.060 
1469,2903,2.484 ,0.060 
1470,2904,2.712 ,0.060 
1471,2905,2.546 ,0.060 
1472,2906,2.329 ,0.060 
1473,2907,2.412 ,0.060 
1474,2908,2.499 ,0.060 
1475,2909,2.576 ,0.060 
1476,2910,2.590 ,0.060 
1477,2911,2.424 ,0.060 
1478,2912,2.481 ,0.060 
1479,2913,2.439 ,0.060 
1480,2914,2.423 ,0.060 
1481,2915,2.564 ,0.060 
1482,2916,2.396 ,0.060 
1483,2917,2.323 ,0.060 
1484,2918,2.472 ,0.060 
1485,2919,2.525 ,0.060 
1486,2920,2.167 ,0.060 
1487,2921,2.545 ,0.060 
1488,2922,2.723 ,0.060 
1489,2923,2.409 ,0.060 
1490,2924,2.452 ,0.060 
1491,2925,2.439 ,0.060 
1492,2926,2.513 ,0.060 
1493,2927,2.438 ,0.060 
1494,2928,3.098 ,0.060 
1495,2929,2.543 ,0.060 
1496,2930,2.355 ,0.060 
1497,2931,2.634 ,0.060 
1498,2932,2.445 ,0.060 
1499,2933,2.570 ,0.060 
1500,2934,2.822 ,0.060 
1501,2935,2.383 ,0.060 
1502,2936,2.491 ,0.060 
1503,2937,2.521 ,0.060 
1504,2938,3.082 ,0.060 
1505,2939,2.354 ,0.060 
1506,2940,2.434 ,0.060 
1507,2941,2.468 ,0.060 
1508,2942,2.510 ,0.060 
1509,2943,2.352 ,0.060 
1510,2944,2.507 ,0.060 
1511,2945,2.516 ,0.060 
1512,2946,3.212 ,0.060 
1513,2947,2.430 ,0.060 
1514,2948,2.553 ,0.060 
1515,2949,2.455 ,0.060 
1516,2950,2.433 ,0.060 
1517,2951,1.165 ,0.060 
1518,2952,2.493 ,0.060 
1519,2953,3.268 ,0.060 
1520,2954,2.513 ,0.060 
1521,2955,2.449 ,0.060 
1522,2956,2.526 ,0.060 
1523,2957,2.534 ,0.060 
1524,2958,3.007 ,0.060 
1525,2959,2.484 ,0.060 
1526,2960,2.471 ,0.060 
1527,2961,2.462 ,0.060 
1528,2962,2.400 ,0.060 
1529,2963,2.582 ,0.060 
1530,2964,3.304 ,0.060 
1531,2965,3.083 ,0.060 
1532,2966,2.522 ,0.060 
1533,2967,2.358 ,0.060 
1534,2968,2.881 ,0.060 
1535,2969,2.418 ,0.060 
1536,2970,3.174 ,0.060 
1537,2971,2.471 ,0.060 
1538,2972,2.392 ,0.060 
1539,2973,2.362 ,0.060 
1540,2974,2.430 ,0.060 
1541,2975,2.445 ,0.060 
1542,2976,3.257 ,0.060 
1543,2977,2.528 ,0.060 
1544,2978,2.513 ,0.060 
1545,2979,2.478 ,0.060 
1546,2980,2.523 ,0.060 
1547,2981,2.419 ,0.060 
1548,2982,3.204 ,0.060 
1549,2983,2.531 ,0.060 
1550,2984,2.857 ,0.060 
1551,2985,2.480 ,0.060 
1552,2986,2.350 ,0.060 
1553,2987,2.807 ,0.060 
1554,2988,3.283 ,0.060 
1555,2989,2.347 ,0.060 
1556,2990,2.491 ,0.060 
1557,2991,3.222 ,0.060 
1558,2992,2.637 ,0.060 
1559,2993,2.466 ,0.060 
1560,2994,2.408 ,0.060 
1561,2995,2.404 ,0.060 
1562,2996,2.369 ,0.060 
1563,2997,3.209 ,0.060 
1564,2998,3.247 ,0.060 
1565,2999,2.429 ,0.060 
1566,3000,2.590 ,0.060 
1567,3001,2.417 ,0.060 
1568,3002,2.416 ,0.060 
1569,3003,2.496 ,0.060 
1570,3004,2.378 ,0.060 
1571,3005,2.593 ,0.060 
1572,3006,2.294 ,0.060 
1573,3007,2.542 ,0.060 
1574,3008,2.742 ,0.060 
1575,3009,2.406 ,0.060 
1576,3010,2.480 ,0.060 
1577,3011,2.737 ,0.060 
1578,3012,2.405 ,0.060 
1579,3013,2.781 ,0.060 
1580,3014,2.312 ,0.060 
1581,3015,3.401 ,0.060 
1582,3016,2.361 ,0.060 
1583,3017,2.420 ,0.060 
1584,3018,3.271 ,0.060 
1585,3019,3.216 ,0.060 
1586,3020,3.275 ,0.060 
1587,3021,2.321 ,0.060 
1588,3022,2.367 ,0.060 
1589,3023,2.318 ,0.060 
1590,3024,2.261 ,0.060 
1591,3025,2.414 ,0.060 
1592,3026,2.361 ,0.060 
1593,3027,2.527 ,0.060 
1594,3028,2.484 ,0.060 
1595,3029,2.875 ,0.060 
1596,3030,2.234 ,0.060 
1597,3031,2.448 ,0.060 
1598,3032,2.474 ,0.060 
1599,3033,1.664 ,0.060 
1600,3034,2.295 ,0.060 
1601,3035,2.626 ,0.060 
1602,3036,2.492 ,0.060 
1603,3037,3.526 ,0.060 
1604,3038,2.879 ,0.060 
1605,3039,2.635 ,0.060 
1606,3040,3.090 ,0.060 
1607,3041,3.009 ,0.060 
1608,3042,2.434 ,0.060 
1609,3043,3.268 ,0.060 
1610,3044,2.641 ,0.060 
1611,3045,3.271 ,0.060 
1612,3046,3.470 ,0.060 
1613,3047,3.138 ,0.060 
1614,3048,3.218 ,0.060 
1615,3049,2.555 ,0.060 
1616,3050,2.509 ,0.060 
1617,3051,3.038 ,0.060 
1618,3052,2.874 ,0.060 
1619,3053,3.397 ,0.060 
1620,3054,2.426 ,0.060 
1621,3055,2.650 ,0.060 
1622,3056,2.701 ,0.060 
1623,3057,2.806 ,0.060 
1624,3058,2.728 ,0.060 
1625,3059,3.709 ,0.060 
1626,3060,2.653 ,0.060 
1627,3061,1.842 ,0.060 
1628,3062,2.383 ,0.060 
1629,3063,2.284 ,0.060 
1630,3064,3.231 ,0.060 
1631,3065,2.378 ,0.060 
1632,3066,3.250 ,0.060 
1633,3067,2.690 ,0.060 
1634,3068,3.117 ,0.060 
1635,3069,2.934 ,0.060 
1636,3070,2.548 ,0.060 
1637,3071,2.759 ,0.060 
1638,3072,2.386 ,0.060 
1639,3073,2.258 ,0.060 
1640,3074,2.459 ,0.060 
1641,3075,2.619 ,0.060 
1642,3076,2.477 ,0.060 
1643,3077,2.450 ,0.060 
1644,3078,2.343 ,0.060 
1645,3079,2.338 ,0.060 
1646,3080,2.694 ,0.060 
1647,3081,3.259 ,0.060 
1648,3082,2.483 ,0.060 
1649,3083,2.395 ,0.060 
1650,3084,3.242 ,0.060 
1651,3085,2.535 ,0.060 
1652,3086,2.394 ,0.060 
1653,3087,2.433 ,0.060 
1654,3088,3.337 ,0.060 
1655,3089,3.348 ,0.060 
1656,3090,2.640 ,0.060 
1657,3091,2.435 ,0.060 
1658,3092,2.701 ,0.060 
1659,3093,3.294 ,0.060 
1660,3094,2.716 ,0.060 
1661,3095,2.813 ,0.060 
1662,3096,2.834 ,0.060 
1663,3097,2.426 ,0.060 
1664,3098,2.581 ,0.060 
1665,3099,2.571 ,0.060 
