ID,AID,Type,LinkID
1,3262,4,318
2,3263,4,318
3,3264,4,318
4,3265,4,318
5,3266,4,318
6,3267,4,318
7,3268,4,347
8,3269,4,346
9,3270,4,346
10,3271,4,347
11,3272,4,347
12,3273,4,347
13,3274,4,369
14,3275,4,369
15,3276,4,369
16,3277,4,369
17,3278,4,369
18,3279,4,369
19,3280,4,50
20,3281,4,50
21,3282,4,50
22,3283,4,485
23,3284,4,46
24,3285,4,46
25,3286,4,46
26,3287,4,46
27,3288,4,46
28,3289,4,46
29,3290,4,47
30,3291,4,482
31,3292,4,47
32,3293,4,47
33,3294,4,48
34,3295,4,483
35,3296,4,48
36,3297,4,48
37,3298,4,49
38,3299,4,484
39,3300,4,49
40,3301,4,49
41,3302,4,484
42,3303,4,511
43,3304,4,75
44,3305,4,510
45,3306,4,75
46,3307,4,510
47,3308,4,74
48,3309,4,509
49,3310,4,74
50,3311,4,509
51,3312,4,73
52,3313,4,508
53,3314,4,73
54,3315,4,508
55,3316,4,72
56,3317,4,507
57,3318,4,72
58,3319,4,507
59,3320,4,71
60,3321,4,505
61,3322,4,70
62,3323,4,504
63,3324,4,69
64,3325,4,503
65,3326,4,67
66,3327,4,502
67,3328,4,66
68,3329,4,501
69,3330,4,65
70,3331,4,499
71,3332,4,64
72,3333,4,498
73,3334,4,62
74,3335,4,292
75,3336,4,292
76,3337,4,292
77,3338,4,292
78,3339,4,292
79,3340,4,292
80,3341,4,214
81,3342,4,214
82,3343,4,214
83,3344,4,214
84,3345,4,214
85,3346,4,214
86,3347,4,208
87,3348,4,208
88,3349,4,208
89,3350,4,208
90,3351,4,208
91,3352,4,209
92,3353,4,118
93,3354,4,117
94,3355,4,117
95,3356,4,117
96,3357,4,118
97,3358,4,118
98,3359,4,111
99,3360,4,110
100,3361,4,110
101,3362,4,110
102,3363,4,111
103,3364,4,111
104,3365,4,54
105,3366,4,53
106,3367,4,53
107,3368,4,53
108,3369,4,54
109,3370,4,54
110,3371,4,6381
111,3372,4,6381
112,3373,4,6381
113,3374,4,6381
114,3375,4,6381
115,3376,4,6382
116,3377,4,1311
117,3378,4,1311
118,3379,4,1311
119,3380,4,1311
120,3381,4,1311
121,3382,4,1312
122,3383,4,1262
123,3384,4,1262
124,3385,4,1262
125,3386,4,1262
126,3387,4,1258
127,3388,4,1258
128,3389,4,1258
129,3390,4,1258
130,3391,4,1259
131,3392,4,1259
132,3393,4,1702
133,3394,4,1702
134,3395,4,1260
135,3396,4,1260
136,3397,4,1261
137,3398,4,1703
138,3399,4,1261
139,3400,4,1261
140,3401,4,1262
141,3402,4,1704
142,3403,4,1262
143,3404,4,1262
144,3405,4,1259
145,3406,4,1701
146,3407,4,1695
147,3408,4,1258
148,3409,4,1258
149,3410,4,1258
150,3411,4,1258
151,3412,4,1258
152,3413,4,1258
153,3414,4,994
154,3415,4,994
155,3416,4,994
156,3417,4,994
157,3418,4,994
158,3419,4,994
159,3420,4,1097
160,3421,4,1097
161,3422,4,1097
162,3423,4,1097
163,3424,4,1097
164,3425,4,1097
165,3426,4,1018
166,3427,4,1018
167,3428,4,1018
168,3429,4,1018
169,3430,4,1018
170,3431,4,1018
171,3432,4,965
172,3433,4,965
173,3434,4,965
174,3435,4,965
175,3436,4,965
176,3437,4,965
177,3438,4,940
178,3439,4,940
179,3440,4,940
180,3441,4,940
181,3442,4,940
182,3443,4,940
183,3444,4,1202
184,3445,4,1202
185,3446,4,1202
186,3447,4,1202
187,3448,4,1202
188,3449,4,1203
189,3450,4,1195
190,3451,4,1195
191,3452,4,1195
192,3453,4,1195
193,3454,4,1195
194,3455,4,1195
195,3456,4,1103
196,3457,4,1103
197,3458,4,1103
198,3459,4,1103
199,3460,4,1103
200,3461,4,1103
201,3462,4,3178
202,3463,4,3179
203,3464,4,3179
204,3465,4,3179
205,3466,4,3178
206,3467,4,3178
207,3468,4,1301
208,3469,4,1301
209,3470,4,1301
210,3471,4,1301
211,3472,4,1301
212,3473,4,1301
213,3474,4,1156
214,3475,4,1156
215,3476,4,1156
216,3477,4,1156
217,3478,4,1156
218,3479,4,1156
219,3480,4,4055
220,3481,4,4055
221,3482,4,4063
222,3483,4,4063
223,3484,4,3931
224,3485,4,3931
225,3486,4,3923
226,3487,4,3923
227,3488,4,6152
228,3489,4,6152
229,3490,4,6160
230,3491,4,6160
231,3492,4,1830
232,3493,4,1830
233,3494,4,1823
234,3495,4,1823
235,3496,4,3627
236,3497,4,3627
237,3498,4,3619
238,3499,4,3619
239,3500,4,3416
240,3501,4,3413
241,3502,4,3418
242,3503,4,3421
243,3504,4,3423
244,3505,4,3424
245,3506,4,3425
246,3507,4,3427
247,3508,4,3428
248,3509,4,3089
249,3510,4,3089
250,3511,4,3042
251,3512,4,3041
252,3513,4,3040
253,3514,4,3039
254,3515,4,3038
255,3516,4,3037
256,3517,4,3036
257,3518,4,3035
258,3519,4,3034
259,3520,4,3033
260,3521,4,3032
261,3522,4,3031
262,3523,4,3030
263,3524,4,3082
264,3525,4,3082
265,3526,4,2883
266,3527,4,2883
267,3528,4,2875
268,3529,4,2875
269,3530,4,2744
270,3531,4,2743
271,3532,4,2742
272,3533,4,2741
273,3534,4,2740
274,3535,4,2739
275,3536,4,2738
276,3537,4,2737
277,3538,4,2736
278,3539,4,2735
279,3540,4,2734
280,3541,4,2733
281,3542,4,2732
282,3543,4,2731
283,3544,4,2730
284,3545,4,2729
285,3546,4,2728
286,3547,4,2727
287,3548,4,2726
288,3549,4,2725
289,3550,4,2627
290,3551,4,2627
291,3552,4,2620
292,3553,4,2620
293,3554,4,2570
294,3555,4,2569
295,3556,4,2568
296,3557,4,2567
297,3558,4,2566
298,3559,4,2565
299,3560,4,2564
300,3561,4,2563
301,3562,4,2562
302,3563,4,2561
303,3564,4,2560
304,3565,4,2558
305,3566,4,2555
306,3567,4,2552
307,3568,4,2550
308,3569,4,2547
309,3570,4,2545
310,3571,4,5545
311,3572,4,5544
312,3573,4,5543
313,3574,4,5542
314,3575,4,5540
315,3576,4,5539
316,3577,4,5538
317,3578,4,5537
318,3579,4,5536
319,3580,4,5534
320,3581,4,5531
321,3582,4,5529
322,3583,4,5526
323,3584,4,5523
324,3585,4,5520
325,3586,4,5444
326,3587,4,5443
327,3588,4,5442
328,3589,4,5441
329,3590,4,5440
330,3591,4,5439
331,3592,4,5438
332,3593,4,5437
333,3594,4,5436
334,3595,4,5435
335,3596,4,5434
336,3597,4,5433
337,3598,4,5432
338,3599,4,5431
339,3600,4,5430
340,3601,4,5428
341,3602,4,5426
342,3603,4,5427
343,3604,4,5424
344,3605,4,5425
345,3606,4,5423
346,3607,4,5422
347,3608,4,5358
348,3609,4,5358
349,3610,4,5350
350,3611,4,5350
351,3612,4,5238
352,3613,4,5240
353,3614,4,5243
354,3615,4,5245
355,3616,4,5248
356,3617,4,5250
357,3618,4,5253
358,3619,4,5255
359,3620,4,5258
360,3621,4,5261
361,3622,4,5263
362,3623,4,5264
363,3624,4,5265
364,3625,4,5266
365,3626,4,5267
366,3627,4,5268
367,3628,4,5269
368,3629,4,5270
369,3630,4,5271
370,3631,4,5272
371,3632,4,5273
372,3633,4,5274
373,3634,4,5275
374,3635,4,5104
375,3636,4,5104
376,3637,4,5096
377,3638,4,5096
378,3639,4,4958
379,3640,4,4955
380,3641,4,4950
381,3642,4,4953
382,3643,4,4961
383,3644,4,4962
384,3645,4,4964
385,3646,4,4966
386,3647,4,4967
387,3648,4,4968
388,3649,4,4969
389,3650,4,4972
390,3651,4,4963
391,3652,4,4970
392,3653,4,4971
393,3654,4,4943
394,3655,4,4945
395,3656,4,4948
396,3657,4,4898
397,3658,4,4898
398,3659,4,4890
399,3660,4,4890
400,3661,4,6365
401,3662,4,6366
402,3663,4,6365
403,3664,4,6366
404,3665,4,6366
405,3666,4,6366
406,3667,4,3468
407,3668,4,4556
408,3669,4,3468
409,3670,4,3468
410,3671,4,3468
411,3672,4,3468
412,3673,4,4548
413,3674,4,3476
414,3675,4,4548
415,3676,4,4548
416,3677,4,4548
417,3678,4,4548
418,3679,4,4363
419,3680,4,4363
420,3681,4,4356
421,3682,4,4356
422,3683,4,10823
423,3684,4,10823
424,3685,4,10823
425,3686,4,10823
426,3687,4,10823
427,3688,4,10823
428,3689,4,8629
429,3690,4,8629
430,3691,4,8629
431,3692,4,8629
432,3693,4,8629
433,3694,4,8629
434,3695,4,10819
435,3696,4,10819
436,3697,4,10819
437,3698,4,10819
438,3699,4,10819
439,3700,4,10819
440,3701,4,10808
441,3702,4,10808
442,3703,4,10808
443,3704,4,10808
444,3705,4,10808
445,3706,4,10808
446,3707,4,10395
447,3708,4,10395
448,3709,4,10403
449,3710,4,10403
450,3711,4,8271
451,3712,4,8272
452,3713,4,8271
453,3714,4,8271
454,3715,4,8272
455,3716,4,8272
456,3717,4,8259
457,3718,4,8259
458,3719,4,8259
459,3720,4,8259
460,3721,4,8259
461,3722,4,8259
462,3723,4,8107
463,3724,4,8107
464,3725,4,8107
465,3726,4,8107
466,3727,4,8107
467,3728,4,8107
468,3729,4,7974
469,3730,4,7974
470,3731,4,7966
471,3732,4,7966
472,3733,4,9188
473,3734,4,9187
474,3735,4,9185
475,3736,4,9186
476,3737,4,9176
477,3738,4,9179
478,3739,4,9181
479,3740,4,8921
480,3741,4,8921
481,3742,4,9514
482,3743,4,9514
483,3744,4,9522
484,3745,4,9522
485,3746,4,8910
486,3747,4,8910
487,3748,4,9216
488,3749,4,9216
489,3750,4,9216
490,3751,4,9216
491,3752,4,9216
492,3753,4,9216
493,3754,4,7617
494,3755,4,7617
495,3756,4,7617
496,3757,4,7617
497,3758,4,7617
498,3759,4,7617
499,3760,4,6618
500,3761,4,6619
501,3762,4,6618
502,3763,4,6618
503,3764,4,6618
504,3765,4,6618
505,3766,4,6660
506,3767,4,6660
507,3768,4,6660
508,3769,4,6660
509,3770,4,6660
510,3771,4,6660
511,3772,4,12602
512,3773,4,12602
513,3774,4,12602
514,3775,4,12602
515,3776,4,12602
516,3777,4,12602
517,3778,4,11544
518,3779,4,11543
519,3780,4,11544
520,3781,4,11544
521,3782,4,11543
522,3783,4,11543
523,3784,4,6684
524,3785,4,6684
525,3786,4,6684
526,3787,4,6684
527,3788,4,6684
528,3789,4,6684
529,3790,4,12247
530,3791,4,12246
531,3792,4,12247
532,3793,4,12246
533,3794,4,12246
534,3795,4,12246
535,3796,4,6702
536,3797,4,6702
537,3798,4,6702
538,3799,4,6702
539,3800,4,6702
540,3801,4,6702
541,3802,4,6832
542,3803,4,6833
543,3804,4,6833
544,3805,4,6833
545,3806,4,6833
546,3807,4,6833
547,3808,4,6638
548,3809,4,6638
549,3810,4,6638
550,3811,4,6638
551,3812,4,6638
552,3813,4,6638
553,3814,4,11319
554,3815,4,11319
555,3816,4,11319
556,3817,4,11319
557,3818,4,11319
558,3819,4,11319
559,3820,4,12582
560,3821,4,12414
561,3822,4,12582
562,3823,4,12582
563,3824,4,12582
564,3825,4,12582
565,3826,4,16608
566,3827,4,16608
567,3828,4,16608
568,3829,4,16608
569,3830,4,16608
570,3831,4,16608
571,3832,4,7577
572,3833,4,7577
573,3834,4,7577
574,3835,4,7577
575,3836,4,7577
576,3837,4,7577
577,3838,4,16564
578,3839,4,16565
579,3840,4,16565
580,3841,4,16565
581,3842,4,16565
582,3843,4,16565
583,3844,4,7467
584,3845,4,7467
585,3846,4,7467
586,3847,4,7467
587,3848,4,7467
588,3849,4,7467
589,3850,4,16552
590,3851,4,7386
591,3852,4,7386
592,3853,4,7386
593,3854,4,7386
594,3855,4,7386
595,3856,4,16527
596,3857,4,16528
597,3858,4,16527
598,3859,4,16527
599,3860,4,16527
600,3861,4,16527
601,3862,4,7082
602,3863,4,9235
603,3864,4,7082
604,3865,4,7082
605,3866,4,9235
606,3867,4,9235
607,3868,4,7077
608,3869,4,7077
609,3870,4,7077
610,3871,4,7077
611,3872,4,7077
612,3873,4,7077
613,3874,4,6995
614,3875,4,12911
615,3876,4,6995
616,3877,4,6995
617,3878,4,6995
618,3879,4,6995
619,3880,4,6991
620,3881,4,6992
621,3882,4,6991
622,3883,4,6991
623,3884,4,6991
624,3885,4,6991
625,3886,4,16596
626,3887,4,16596
627,3888,4,16596
628,3889,4,16596
629,3890,4,16596
630,3891,4,16596
631,3892,4,16572
632,3893,4,16572
633,3894,4,16572
634,3895,4,16572
635,3896,4,16572
636,3897,4,16572
637,3898,4,6950
638,3899,4,6950
639,3900,4,6950
640,3901,4,6950
641,3902,4,6950
642,3903,4,6950
643,3904,4,6945
644,3905,4,6945
645,3906,4,6945
646,3907,4,6945
647,3908,4,6945
648,3909,4,6945
649,3910,4,7575
650,3911,4,7575
651,3912,4,7575
652,3913,4,7575
653,3914,4,7575
654,3915,4,7575
655,3916,4,7579
656,3917,4,7579
657,3918,4,7579
658,3919,4,7579
659,3920,4,7579
660,3921,4,7579
661,3922,4,6885
662,3923,4,6885
663,3924,4,6885
664,3925,4,6885
665,3926,4,6885
666,3927,4,6885
667,3928,4,6889
668,3929,4,6890
669,3930,4,6889
670,3931,4,6889
671,3932,4,6889
672,3933,4,6889
673,3934,4,6631
674,3935,4,6631
675,3936,4,6631
676,3937,4,6631
677,3938,4,6631
678,3939,4,6631
679,3940,4,6622
680,3941,4,6622
681,3942,4,6622
682,3943,4,6622
683,3944,4,6622
684,3945,4,6622
685,3946,4,7617
686,3947,4,7617
687,3948,4,7617
688,3949,4,7617
689,3950,4,7617
690,3951,4,7617
691,3952,4,6845
692,3953,4,6846
693,3954,4,6845
694,3955,4,6846
695,3956,4,6846
696,3957,4,6846
697,3958,4,15539
698,3959,4,15539
699,3960,4,15530
700,3961,4,15530
701,3962,4,15539
702,3963,4,15539
703,3964,4,15530
704,3965,4,15530
705,3966,4,15497
706,3967,4,15496
707,3968,4,15495
708,3969,4,15494
709,3970,4,15493
710,3971,4,15488
711,3972,4,15485
712,3973,4,15483
713,3974,4,15490
714,3975,4,16131
715,3976,4,16131
716,3977,4,15997
717,3978,4,15997
718,3979,4,15989
719,3980,4,15989
720,3981,4,15348
721,3982,4,15348
722,3983,4,15058
723,3984,4,15058
724,3985,4,14737
725,3986,4,14737
726,3987,4,14394
727,3988,4,14394
728,3989,4,13698
729,3990,4,13698
730,3991,4,11790
731,3992,4,11790
732,3993,4,11749
733,3994,4,11749
734,3995,4,11529
735,3996,4,11529
736,3997,4,11533
737,3998,4,11533
738,3999,4,12534
739,4000,4,12534
740,4001,4,12530
741,4002,4,12530
742,4003,4,12443
743,4004,4,12443
744,4005,4,12439
745,4006,4,12439
746,4007,4,12570
747,4008,4,12570
748,4009,4,12567
749,4010,4,12567
750,4011,4,11575
751,4012,4,11575
752,4013,4,11571
753,4014,4,11571
754,4015,4,12498
755,4016,4,12498
756,4017,4,11376
757,4018,4,11376
758,4019,4,11372
759,4020,4,11372
760,4021,4,12144
761,4022,4,12144
762,4023,4,11441
763,4024,4,11441
764,4025,4,12471
765,4026,4,12471
766,4027,4,12477
767,4028,4,12477
768,4029,4,11272
769,4030,4,11272
770,4031,4,11275
771,4032,4,11275
772,4033,4,12148
773,4034,4,12148
774,4035,4,11445
775,4036,4,11445
776,4037,3,379
777,4038,3,379
778,4039,3,379
779,4040,3,821
780,4041,3,821
781,4042,3,821
782,4043,3,384
783,4044,3,384
784,4045,3,384
785,4046,3,388
786,4047,3,388
787,4048,3,387
788,4049,3,387
789,4050,3,385
790,4051,3,386
791,4052,3,386
792,4053,3,386
793,4054,3,386
794,4055,3,386
795,4056,3,386
796,4057,3,385
797,4058,3,385
798,4059,3,385
799,4060,3,385
800,4061,3,385
801,4062,3,387
802,4063,3,4
803,4064,3,4
804,4065,3,4
805,4066,3,8
806,4067,3,8
807,4068,3,8
808,4069,3,8
809,4070,3,6
810,4071,3,6
811,4072,3,6
812,4073,3,6
813,4074,3,6
814,4075,3,6
815,4076,3,6
816,4077,3,5
817,4078,3,5
818,4079,3,5
819,4080,3,5
820,4081,3,5
821,4082,3,7
822,4083,3,46
823,4084,3,46
824,4085,3,47
825,4086,3,47
826,4087,3,47
827,4088,3,46
828,4089,3,49
829,4090,3,49
830,4091,3,49
831,4092,3,49
832,4093,3,48
833,4094,3,573
834,4095,3,573
835,4096,3,573
836,4097,3,134
837,4098,3,134
838,4099,3,134
839,4100,3,332
840,4101,3,332
841,4102,3,332
842,4103,3,332
843,4104,3,330
844,4105,3,330
845,4106,3,330
846,4107,3,330
847,4108,3,330
848,4109,3,330
849,4110,3,330
850,4111,3,329
851,4112,3,329
852,4113,3,329
853,4114,3,329
854,4115,3,329
855,4116,3,331
856,4117,3,6376
857,4118,3,6375
858,4119,3,6375
859,4120,3,6376
860,4121,3,31
861,4122,3,30
862,4123,3,30
863,4124,3,30
864,4125,3,384
865,4126,3,4
866,4127,3,3179
867,4128,3,3179
868,4129,3,3178
869,4130,3,3177
870,4131,3,3177
871,4132,3,3177
872,4133,3,3177
873,4134,3,3178
874,4135,3,3178
875,4136,3,3178
876,4137,3,3178
877,4138,3,3178
878,4139,3,3178
879,4140,3,3178
880,4141,3,3178
881,4142,3,3178
882,4143,3,3178
883,4144,3,3178
884,4145,3,3178
885,4146,3,3178
886,4147,3,3179
887,4148,3,3179
888,4149,3,6384
889,4150,3,6384
890,4151,3,6384
891,4152,3,1302
892,4153,3,1302
893,4154,3,1302
894,4155,3,1302
895,4156,3,1259
896,4157,3,1259
897,4158,3,1259
898,4159,3,1259
899,4160,3,1259
900,4161,3,1259
901,4162,3,1262
902,4163,3,1262
903,4164,3,1262
904,4165,3,1262
905,4166,3,1260
906,4167,3,1272
907,4168,3,1272
908,4169,3,1272
909,4170,3,1664
910,4171,3,1664
911,4172,3,1664
912,4173,3,1219
913,4174,3,1219
914,4175,3,1219
915,4176,3,1208
916,4177,3,1208
917,4178,3,1208
918,4179,3,1212
919,4180,3,1212
920,4181,3,1212
921,4182,3,1212
922,4183,3,1210
923,4184,3,1210
924,4185,3,1210
925,4186,3,1210
926,4187,3,1210
927,4188,3,1210
928,4189,3,1210
929,4190,3,1209
930,4191,3,1209
931,4192,3,1209
932,4193,3,1209
933,4194,3,1209
934,4195,3,1211
935,4196,3,1208
936,4197,3,920
937,4198,3,920
938,4199,3,920
939,4200,3,924
940,4201,3,924
941,4202,3,923
942,4203,3,923
943,4204,3,921
944,4205,3,921
945,4206,3,922
946,4207,3,922
947,4208,3,922
948,4209,3,922
949,4210,3,922
950,4211,3,921
951,4212,3,921
952,4213,3,921
953,4214,3,921
954,4215,3,921
955,4216,3,922
956,4217,3,920
957,4218,3,1484
958,4219,3,1484
959,4220,3,1484
960,4221,3,1038
961,4222,3,1039
962,4223,3,1039
963,4224,3,1358
964,4225,3,1358
965,4226,3,1358
966,4227,3,916
967,4228,3,917
968,4229,3,917
969,4230,3,879
970,4231,3,879
971,4232,3,879
972,4233,3,882
973,4234,3,882
974,4235,3,882
975,4236,3,882
976,4237,3,880
977,4238,3,880
978,4239,3,881
979,4240,3,881
980,4241,3,881
981,4242,3,881
982,4243,3,881
983,4244,3,880
984,4245,3,880
985,4246,3,880
986,4247,3,880
987,4248,3,880
988,4249,3,881
989,4250,3,879
990,4251,3,1267
991,4252,3,1267
992,4253,3,1267
993,4254,3,1267
994,4255,3,2014
995,4256,3,2014
996,4257,3,2014
997,4258,3,6053
998,4259,3,6053
999,4260,3,6053
1000,4261,3,1866
1001,4262,3,1866
1002,4263,3,1866
1003,4264,3,3659
1004,4265,3,3659
1005,4266,3,3659
1006,4267,3,3544
1007,4268,3,3544
1008,4269,3,3544
1009,4270,3,3404
1010,4271,3,3400
1011,4272,3,3406
1012,4273,3,3407
1013,4274,3,3402
1014,4275,3,3400
1015,4276,3,3400
1016,4277,3,3187
1017,4278,3,3245
1018,4279,3,3242
1019,4280,3,3240
1020,4281,3,3239
1021,4282,3,3239
1022,4283,3,3238
1023,4284,3,3193
1024,4285,3,3193
1025,4286,3,3190
1026,4287,3,3189
1027,4288,3,3187
1028,4289,3,3186
1029,4290,3,2870
1030,4291,3,2870
1031,4292,3,2870
1032,4293,3,2870
1033,4294,3,2716
1034,4295,3,2714
1035,4296,3,2712
1036,4297,3,2710
1037,4298,3,2710
1038,4299,3,2709
1039,4300,3,2681
1040,4301,3,2681
1041,4302,3,2681
1042,4303,3,2681
1043,4304,3,2537
1044,4305,3,2537
1045,4306,3,2535
1046,4307,3,2533
1047,4308,3,2532
1048,4309,3,2532
1049,4310,3,2531
1050,4311,3,2483
1051,4312,3,2483
1052,4313,3,2483
1053,4314,3,2483
1054,4315,3,2323
1055,4316,3,2321
1056,4317,3,2319
1057,4318,3,2317
1058,4319,3,2317
1059,4320,3,2317
1060,4321,3,2149
1061,4322,3,2150
1062,4323,3,2150
1063,4324,3,2152
1064,4325,3,5632
1065,4326,3,5633
1066,4327,3,5630
1067,4328,3,5628
1068,4329,3,5627
1069,4330,3,5627
1070,4331,3,5626
1071,4332,3,5506
1072,4333,3,5503
1073,4334,3,5502
1074,4335,3,5500
1075,4336,3,5500
1076,4337,3,5500
1077,4338,3,5415
1078,4339,3,5412
1079,4340,3,5410
1080,4341,3,5409
1081,4342,3,5409
1082,4343,3,5408
1083,4344,3,5230
1084,4345,3,5230
1085,4346,3,5227
1086,4347,3,5226
1087,4348,3,5224
1088,4349,3,5224
1089,4350,3,5223
1090,4351,3,4930
1091,4352,3,4930
1092,4353,3,4790
1093,4354,3,4788
1094,4355,3,4786
1095,4356,3,4784
1096,4357,3,4784
1097,4358,3,4784
1098,4359,3,4710
1099,4360,3,4710
1100,4361,3,4708
1101,4362,3,4706
1102,4363,3,4704
1103,4364,3,4704
1104,4365,3,4704
1105,4366,3,5295
1106,4367,3,5295
1107,4368,3,5295
1108,4369,3,5295
1109,4370,3,5091
1110,4371,3,5091
1111,4372,3,5091
1112,4373,3,5091
1113,4374,3,4885
1114,4375,3,4885
1115,4376,3,4885
1116,4377,3,4885
1117,4378,3,4644
1118,4379,3,4644
1119,4380,3,4644
1120,4381,3,4201
1121,4382,3,4200
1122,4383,3,4201
1123,4384,3,16364
1124,4385,3,16364
1125,4386,3,16364
1126,4387,3,16354
1127,4388,3,16354
1128,4389,3,16354
1129,4390,3,9531
1130,4391,3,9532
1131,4392,3,9533
1132,4393,3,9534
1133,4394,3,8925
1134,4395,3,8927
1135,4396,3,8927
1136,4397,3,8928
1137,4398,3,7864
1138,4399,3,7864
1139,4400,3,16486
1140,4401,3,16486
1141,4402,3,16486
1142,4403,3,16486
1143,4404,3,16486
1144,4405,3,7864
1145,4406,3,7865
1146,4407,3,16487
1147,4408,3,16487
1148,4409,3,7866
1149,4410,3,7866
1150,4411,3,7866
1151,4412,3,7091
1152,4413,3,7091
1153,4414,3,7091
1154,4415,3,7091
1155,4416,3,7092
1156,4417,3,7091
1157,4418,3,7091
1158,4419,3,7091
1159,4420,3,7092
1160,4421,3,7093
1161,4422,3,7093
1162,4423,3,7093
1163,4424,3,7093
1164,4425,3,7092
1165,4426,3,15479
1166,4427,3,15480
1167,4428,3,15478
1168,4429,3,15477
1169,4430,3,15475
1170,4431,3,15473
1171,4432,3,15471
1172,4433,3,15470
1173,4434,3,15470
1174,4435,3,15470
1175,4436,3,16096
1176,4437,3,16097
1177,4438,3,16098
1178,4439,3,16099
1179,4440,3,15910
1180,4441,3,15911
1181,4442,3,15911
1182,4443,3,15913
1183,4444,3,15853
1184,4445,3,15853
1185,4446,3,15853
1186,4447,3,15853
1187,4448,3,15354
1188,4449,3,15355
1189,4450,3,15355
1190,4451,3,15357
1191,4452,3,12948
1192,4453,3,12949
1193,4454,3,12950
1194,4455,3,12951
1195,4456,3,12834
1196,4457,3,12835
1197,4458,3,12836
1198,4459,3,12837
1199,4460,3,12994
1200,4461,3,12995
1201,4462,3,12996
1202,4463,3,12997
1203,4464,3,12790
1204,4465,3,12791
1205,4466,3,12791
1206,4467,3,12793
1207,4468,3,15412
1208,4469,3,15414
1209,4470,3,15414
1210,4471,3,15416
1211,4472,3,15426
1212,4473,3,15427
1213,4474,3,15428
1214,4475,3,15429
1215,4476,3,13324
1216,4477,3,13326
1217,4478,3,13326
1218,4479,3,13328
1219,4480,3,13035
1220,4481,3,13036
1221,4482,3,13037
1222,4483,3,13038
1223,4484,3,13273
1224,4485,3,13274
1225,4486,3,13275
1226,4487,3,13276
1227,4488,3,13085
1228,4489,3,13086
1229,4490,3,13087
1230,4491,3,13088
1231,4492,3,13208
1232,4493,3,13209
1233,4494,3,13209
1234,4495,3,13211
1235,4496,3,13149
1236,4497,3,13151
1237,4498,3,13151
1238,4499,3,13153
1239,4500,3,15206
1240,4501,3,15208
1241,4502,3,15208
1242,4503,3,15210
1243,4504,3,15121
1244,4505,3,15122
1245,4506,3,15122
1246,4507,3,15124
1247,4508,3,15312
1248,4509,3,15313
1249,4510,3,15314
1250,4511,3,15315
1251,4512,3,14871
1252,4513,3,14873
1253,4514,3,14873
1254,4515,3,14875
1255,4516,3,14950
1256,4517,3,14951
1257,4518,3,14951
1258,4519,3,14953
1259,4520,3,14901
1260,4521,3,14902
1261,4522,3,14902
1262,4523,3,14904
1263,4524,3,15062
1264,4525,3,15064
1265,4526,3,15064
1266,4527,3,15066
1267,4528,3,14484
1268,4529,3,14485
1269,4530,3,14486
1270,4531,3,14487
1271,4532,3,14570
1272,4533,3,14571
1273,4534,3,14571
1274,4535,3,14573
1275,4536,3,14675
1276,4537,3,14676
1277,4538,3,14677
1278,4539,3,14678
1279,4540,3,14742
1280,4541,3,14743
1281,4542,3,14743
1282,4543,3,14745
1283,4544,3,14215
1284,4545,3,14216
1285,4546,3,14216
1286,4547,3,14218
1287,4548,3,14265
1288,4549,3,14266
1289,4550,3,14267
1290,4551,3,14268
1291,4552,3,14184
1292,4553,3,14185
1293,4554,3,14186
1294,4555,3,14187
1295,4556,3,14399
1296,4557,3,14401
1297,4558,3,14401
1298,4559,3,14403
1299,4560,3,13916
1300,4561,3,13917
1301,4562,3,13917
1302,4563,3,13919
1303,4564,3,13838
1304,4565,3,13839
1305,4566,3,13839
1306,4567,3,13841
1307,4568,3,13511
1308,4569,3,13512
1309,4570,3,13513
1310,4571,3,13514
1311,4572,3,13621
1312,4573,3,13622
1313,4574,3,13623
1314,4575,3,13624
1315,4576,3,13423
1316,4577,3,13425
1317,4578,3,13425
1318,4579,3,13427
1319,4580,3,13704
1320,4581,3,13706
1321,4582,3,13706
1322,4583,3,13707
1323,4584,3,11233
1324,4585,3,11234
1325,4586,3,11234
1326,4587,3,11235
1327,4588,3,11220
1328,4589,3,11221
1329,4590,3,11221
1330,4591,3,11222
1331,4592,3,11207
1332,4593,3,11208
1333,4594,3,11208
1334,4595,3,11209
1335,4596,3,11194
1336,4597,3,11194
1337,4598,3,11195
1338,4599,3,11196
1339,4600,3,11172
1340,4601,3,11173
1341,4602,3,11173
1342,4603,3,11174
1343,4604,3,11773
1344,4605,3,11774
1345,4606,3,11774
1346,4607,3,11775
1347,4608,3,11792
1348,4609,3,11793
1349,4610,3,11793
1350,4611,3,11794
1351,4612,3,11753
1352,4613,3,11754
1353,4614,3,11754
1354,4615,3,11755
1355,4616,3,11820
1356,4617,3,11820
1357,4618,3,11820
1358,4619,3,11821
1359,4620,3,11726
1360,4621,3,11727
1361,4622,3,11727
1362,4623,3,11728
1363,4624,3,12701
1364,4625,3,12702
1365,4626,3,12702
1366,4627,3,12703
1367,4628,3,12671
1368,4629,3,12671
1369,4630,3,12672
1370,4631,3,12672
1371,4632,3,12644
1372,4633,3,12645
1373,4634,3,12645
1374,4635,3,12646
1375,4636,3,12616
1376,4637,3,12617
1377,4638,3,12617
1378,4639,3,12618
1379,4640,3,11495
1380,4641,3,11496
1381,4642,3,11496
1382,4643,3,11497
1383,4644,3,11524
1384,4645,3,11524
1385,4646,3,11525
1386,4647,3,11525
1387,4648,3,11537
1388,4649,3,11537
1389,4650,3,11537
1390,4651,3,11538
1391,4652,3,11677
1392,4653,3,11678
1393,4654,3,11678
1394,4655,3,11679
1395,4656,3,11626
1396,4657,3,11627
1397,4658,3,11627
1398,4659,3,11628
1399,4660,3,11661
1400,4661,3,11662
1401,4662,3,11662
1402,4663,3,11663
1403,4664,3,11635
1404,4665,3,11636
1405,4666,3,11636
1406,4667,3,11637
1407,4668,3,12576
1408,4669,3,12576
1409,4670,3,12577
1410,4671,3,12578
1411,4672,3,11590
1412,4673,3,11590
1413,4674,3,11590
1414,4675,3,11591
1415,4676,3,11020
1416,4677,3,11020
1417,4678,3,11020
1418,4679,3,11021
1419,4680,3,11046
1420,4681,3,11047
1421,4682,3,11047
1422,4683,3,11048
1423,4684,3,11060
1424,4685,3,11061
1425,4686,3,11061
1426,4687,3,11062
1427,4688,3,11082
1428,4689,3,11083
1429,4690,3,11083
1430,4691,3,11084
1431,4692,3,11102
1432,4693,3,11102
1433,4694,3,11102
1434,4695,3,11103
1435,4696,3,11380
1436,4697,3,11380
1437,4698,3,11381
1438,4699,3,11382
1439,4700,3,11406
1440,4701,3,11407
1441,4702,3,11407
1442,4703,3,11408
1443,4704,3,11435
1444,4705,3,11436
1445,4706,3,11436
1446,4707,3,11437
1447,4708,3,11448
1448,4709,3,11449
1449,4710,3,11449
1450,4711,3,11450
1451,4712,3,12365
1452,4713,3,12365
1453,4714,3,12365
1454,4715,3,12366
1455,4716,3,12298
1456,4717,3,12298
1457,4718,3,12298
1458,4719,3,12299
1459,4720,3,12152
1460,4721,3,12153
1461,4722,3,12153
1462,4723,3,12154
1463,4724,3,12228
1464,4725,3,12229
1465,4726,3,12229
1466,4727,3,12230
1467,4728,3,12101
1468,4729,3,12101
1469,4730,3,12101
1470,4731,3,12102
1471,4732,3,11992
1472,4733,3,11992
1473,4734,3,11993
1474,4735,3,11994
1475,4736,3,11915
1476,4737,3,11915
1477,4738,3,11915
1478,4739,3,11916
1479,4740,3,12018
1480,4741,3,12019
1481,4742,3,12019
1482,4743,3,12020
1483,4744,3,11889
1484,4745,3,11890
1485,4746,3,11890
1486,4747,3,11890
1487,4748,2,861
1488,4749,2,16443
1489,4750,2,871
1490,4751,2,424
1491,4752,2,16448
1492,4753,2,866
1493,4754,2,429
1494,4755,2,434
1495,4756,2,16450
1496,4757,2,775
1497,4758,2,338
1498,4759,2,750
1499,4760,2,750
1500,4761,2,313
1501,4762,2,6384
1502,4763,2,3180
1503,4764,2,3180
1504,4765,2,3179
1505,4766,2,3179
1506,4767,2,6384
1507,4768,2,486
1508,4769,2,542
1509,4770,2,542
1510,4771,2,106
1511,4772,2,537
1512,4773,2,536
1513,4774,2,101
1514,4775,2,6436
1515,4776,2,725
1516,4777,2,288
1517,4778,2,635
1518,4779,2,635
1519,4780,2,199
1520,4781,2,641
1521,4782,2,640
1522,4783,2,6378
1523,4784,2,6384
1524,4785,2,6390
1525,4786,2,3180
1526,4787,2,6346
1527,4788,2,1750
1528,4789,2,1308
1529,4790,2,6341
1530,4791,2,1745
1531,4792,2,1303
1532,4793,2,1697
1533,4794,2,1640
1534,4795,2,549
1535,4796,2,550
1536,4797,2,1641
1537,4798,2,1633
1538,4799,2,1633
1539,4800,2,1191
1540,4801,2,1628
1541,4802,2,1628
1542,4803,2,1186
1543,4804,2,1535
1544,4805,2,1535
1545,4806,2,1093
1546,4807,2,1530
1547,4808,2,1529
1548,4809,2,1088
1549,4810,2,6421
1550,4811,2,1448
1551,4812,2,1007
1552,4813,2,1444
1553,4814,2,6415
1554,4815,2,1003
1555,4816,2,1425
1556,4817,2,985
1557,4818,2,1542
1558,4819,2,648
1559,4820,2,1541
1560,4821,2,1431
1561,4822,2,1432
1562,4823,2,756
1563,4824,2,1400
1564,4825,2,1267
1565,4826,2,960
1566,4827,2,4070
1567,4828,2,4027
1568,4829,2,3983
1569,4830,2,3941
1570,4831,2,4116
1571,4832,2,3895
1572,4833,2,16602
1573,4834,2,16605
1574,4835,2,6254
1575,4836,2,6259
1576,4837,2,5988
1577,4838,2,2020
1578,4839,2,2068
1579,4840,2,6030
1580,4841,2,6030
1581,4842,2,1992
1582,4843,2,1992
1583,4844,2,4282
1584,4845,2,3459
1585,4846,2,2888
1586,4847,2,2406
1587,4848,2,6458
1588,4849,2,2396
1589,4850,2,6453
1590,4851,2,6443
1591,4852,2,6443
1592,4853,2,6444
1593,4854,2,2384
1594,4855,2,2384
1595,4856,2,2385
1596,4857,2,5575
1597,4858,2,6477
1598,4859,2,5559
1599,4860,2,6469
1600,4861,2,5547
1601,4862,2,5548
1602,4863,2,5549
1603,4864,2,5548
1604,4865,2,5547
1605,4866,2,5549
1606,4867,2,5197
1607,4868,2,9557
1608,4869,2,5013
1609,4870,2,3392
1610,4871,2,4632
1611,4872,2,4539
1612,4873,2,3516
1613,4874,2,4508
1614,4875,2,3514
1615,4876,2,4509
1616,4877,2,3860
1617,4878,2,3858
1618,4879,2,3858
1619,4880,2,3860
1620,4881,2,16313
1621,4882,2,16328
1622,4883,2,16341
1623,4884,2,16316
1624,4885,2,16325
1625,4886,2,16338
1626,4887,2,16319
1627,4888,2,16321
1628,4889,2,16334
1629,4890,2,9752
1630,4891,2,10831
1631,4892,2,10919
1632,4893,2,9661
1633,4894,2,16750
1634,4895,2,11009
1635,4896,2,16695
1636,4897,2,16745
1637,4898,2,10999
1638,4899,2,16685
1639,4900,2,16740
1640,4901,2,10989
1641,4902,2,16675
1642,4903,2,16734
1643,4904,2,16734
1644,4905,2,16735
1645,4906,2,10980
1646,4907,2,10979
1647,4908,2,10978
1648,4909,2,16664
1649,4910,2,16664
1650,4911,2,16665
1651,4912,2,10893
1652,4913,2,10894
1653,4914,2,10905
1654,4915,2,10100
1655,4916,2,10100
1656,4917,2,10101
1657,4918,2,10100
1658,4919,2,10100
1659,4920,2,10101
1660,4921,2,8291
1661,4922,2,10110
1662,4923,2,10121
1663,4924,2,8281
1664,4925,2,10817
1665,4926,2,10814
1666,4927,2,10816
1667,4928,2,8619
1668,4929,2,10798
1669,4930,2,7340
1670,4931,2,16378
1671,4932,2,10499
1672,4933,2,8128
1673,4934,2,10278
1674,4935,2,10267
1675,4936,2,10268
1676,4937,2,8138
1677,4938,2,10268
1678,4939,2,10268
1679,4940,2,10267
1680,4941,2,8267
1681,4942,2,8265
1682,4943,2,8265
1683,4944,2,8267
1684,4945,2,8252
1685,4946,2,8243
1686,4947,2,10153
1687,4948,2,8242
1688,4949,2,8101
1689,4950,2,8101
1690,4951,2,8085
1691,4952,2,8084
1692,4953,2,8084
1693,4954,2,8084
1694,4955,2,8084
1695,4956,2,8085
1696,4957,2,9065
1697,4958,2,9060
1698,4959,2,9498
1699,4960,2,8672
1700,4961,2,7230
1701,4962,2,7230
1702,4963,2,6826
1703,4964,2,7225
1704,4965,2,7225
1705,4966,2,6822
1706,4967,2,7160
1707,4968,2,7159
1708,4969,2,6756
1709,4970,2,7165
1710,4971,2,7164
1711,4972,2,6761
1712,4973,2,7171
1713,4974,2,7172
1714,4975,2,7298
1715,4976,2,12072
1716,4977,2,7292
1717,4978,2,6696
1718,4979,2,12067
1719,4980,2,7287
1720,4981,2,6690
1721,4982,2,6603
1722,4983,2,10775
1723,4984,2,6607
1724,4985,2,7608
1725,4986,2,7613
1726,4987,2,11132
1727,4988,2,10738
1728,4989,2,7571
1729,4990,2,7507
1730,4991,2,10674
1731,4992,2,10630
1732,4993,2,7464
1733,4994,2,7377
1734,4995,2,16496
1735,4996,2,16501
1736,4997,2,7873
1737,4998,2,7879
1738,4999,2,7110
1739,5000,2,7106
1740,5001,2,7100
1741,5002,2,7095
1742,5003,2,16504
1743,5004,2,7883
1744,5005,2,9223
1745,5006,2,8963
1746,5007,2,7845
1747,5008,2,8953
1748,5009,2,7073
1749,5010,2,7760
1750,5011,2,6988
1751,5012,2,16650
1752,5013,2,16617
1753,5014,2,6941
1754,5015,2,16637
1755,5016,2,7713
1756,5017,2,6622
1757,5018,2,6620
1758,5019,2,6620
1759,5020,2,6623
1760,5021,2,10744
1761,5022,2,7657
1762,5023,2,11146
1763,5024,2,7653
1764,5025,2,7652
1765,5026,2,6881
1766,5027,2,10780
1767,5028,2,15906
1768,5029,2,15849
1769,5030,2,11946
1770,5031,2,12047
1771,5032,2,11232
1772,5033,2,11192
1773,5034,2,11171
1774,5035,2,11818
1775,5036,2,11725
1776,5037,2,11848
1777,5038,2,12643
1778,5039,2,12614
1779,5040,2,11493
1780,5041,2,11522
1781,5042,2,11625
1782,5043,2,11660
1783,5044,2,12559
1784,5045,2,11018
1785,5046,2,11059
1786,5047,2,11081
1787,5048,2,12481
1788,5049,2,12501
1789,5050,2,11405
1790,5051,2,11434
1791,5052,2,12363
1792,5053,2,12296
1793,5054,2,12198
1794,5055,2,12129
1795,5056,2,12099
1796,5057,2,12227
1797,5058,2,12017
1798,5059,2,11887
