VID,PID,Hang,Vang
1,144763,163.05,90.00 
2,144764,160.13,90.00 
3,144765,192.01,90.00 
4,144766,185.51,90.00 
5,144767,181.37,90.00 
6,144768,219.58,90.00 
7,144769,205.44,90.00 
8,144770,169.31,90.00 
9,144771,156.44,90.00 
10,144772,155.59,90.00 
11,144773,172.56,90.00 
12,144774,170.12,90.00 
13,144775,175.05,90.00 
14,144776,188.55,90.00 
15,144777,186.27,90.00 
16,144778,195.44,90.00 
17,144779,193.3,90.00 
18,144780,194.04,90.00 
19,144781,194.06,90.00 
20,144782,192.19,90.00 
21,144783,196.09,90.00 
22,144784,193.16,90.00 
23,144785,198.44,90.00 
24,144786,203.17,90.00 
25,144787,197.24,90.00 
26,144788,203.07,90.00 
27,144789,179.03,90.00 
28,144790,181.07,90.00 
29,144791,178.09,90.00 
30,144792,171.56,90.00 
31,144793,154.23,90.00 
32,144794,159.29,90.00 
33,144795,163.54,90.00 
34,144796,161.42,90.00 
35,144797,160.43,90.00 
36,144798,157.39,90.00 
37,144799,168.15,90.00 
38,144800,191.31,90.00 
39,144801,321.17,90.00 
40,144802,299.45,90.00 
41,144803,323.26,90.00 
42,144804,325.46,90.00 
43,144805,334.53,90.00 
44,144806,316.46,90.00 
45,144807,6.56,90.00 
46,144808,29.38,90.00 
47,144809,355.17,90.00 
48,144810,3.54,90.00 
49,144811,3.54,90.00 
50,144812,5.19,90.00 
51,144813,8.32,90.00 
52,144814,355.08,90.00 
53,144815,336.32,90.00 
54,144816,345.29,90.00 
55,144817,17.11,90.00 
56,144818,17.11,90.00 
57,144819,0.18,90.00 
58,144820,342.44,90.00 
59,144821,342.44,90.00 
60,144822,357.21,90.00 
61,144823,39.26,90.00 
62,144824,2.5,90.00 
63,144825,356.6,90.00 
64,144826,14.39,90.00 
65,144827,6.06,90.00 
66,144828,12.59,90.00 
67,144829,324.57,90.00 
68,144830,24.51,90.00 
69,144831,0.5,90.00 
70,144832,309.39,90.00 
71,144833,260.45,90.00 
72,144834,298.55,90.00 
73,144835,298.55,90.00 
74,144836,259.3,90.00 
75,144837,297.44,90.00 
76,144838,333.57,90.00 
77,144839,341.34,90.00 
78,144840,341.34,90.00 
79,144841,342.59,90.00 
80,144842,319.3,90.00 
81,144843,335.4,90.00 
82,144844,341.34,90.00 
83,144845,328.18,90.00 
84,144846,347.21,90.00 
85,144847,346.54,90.00 
86,144848,346.51,90.00 
87,144849,307.06,90.00 
88,144850,344.21,90.00 
89,144851,329.17,90.00 
90,144852,331.43,90.00 
91,144853,346.06,90.00 
92,144854,326.01,90.00 
93,144855,314.32,90.00 
94,144856,330.48,90.00 
95,144857,10.32,90.00 
96,144858,347.13,90.00 
97,144859,359.03,90.00 
98,144860,358.51,90.00 
99,144861,78.54,90.00 
100,144862,298.29,90.00 
101,144863,323.2,90.00 
102,144864,295.01,90.00 
103,144865,291.04,90.00 
104,144866,287.2,90.00 
105,144867,351.1,90.00 
106,144868,278.13,90.00 
107,144869,271.27,90.00 
108,144870,309.29,90.00 
109,144871,314.02,90.00 
110,144872,359.39,90.00 
111,144873,247.21,90.00 
112,144874,245.4,90.00 
113,144875,209.03,90.00 
114,144876,196.48,90.00 
115,144877,180.42,90.00 
116,144878,200.22,90.00 
117,144879,199.2,90.00 
118,144880,36.37,90.00 
119,144881,30.12,90.00 
120,144882,32.47,90.00 
121,144883,41.42,90.00 
122,144884,98.55,90.00 
123,144885,82.03,90.00 
124,144886,76.35,90.00 
125,144887,83.14,90.00 
126,144888,87.28,90.00 
127,144889,101.53,90.00 
128,144890,88.55,90.00 
129,144891,293.27,90.00 
130,144892,251.17,90.00 
131,144893,228.14,90.00 
132,144894,280.2,90.00 
133,144895,286.19,90.00 
134,144896,219.3,90.00 
135,144897,323.08,90.00 
136,144898,351.49,90.00 
137,144899,305.49,90.00 
138,144900,17.07,90.00 
139,144901,4.24,90.00 
140,144902,62.11,90.00 
141,144903,155.36,90.00 
142,144904,43.31,90.00 
143,144905,318.23,90.00 
144,144906,161.51,90.00 
145,144907,329.55,90.00 
146,144908,41.43,90.00 
147,144909,154.16,90.00 
148,144910,172.31,90.00 
149,144911,68.28,90.00 
150,144912,175.44,90.00 
151,144913,147.09,90.00 
152,144914,145.16,90.00 
153,144915,85.02,90.00 
154,144916,187.12,90.00 
155,144917,185.19,90.00 
156,144918,185.5,90.00 
157,144919,7.02,90.00 
158,144920,8.36,90.00 
159,144921,2.58,90.00 
160,144922,3.08,90.00 
161,144923,184.3,90.00 
162,144924,354.14,90.00 
163,144925,179.03,90.00 
164,144926,330.47,90.00 
165,144927,327.55,90.00 
166,144928,153.47,90.00 
167,144929,153.28,90.00 
168,144930,352.44,90.00 
169,144931,347.18,90.00 
170,144932,173.49,90.00 
171,144933,344.4,90.00 
172,144934,341.22,90.00 
173,144935,328.36,90.00 
174,144936,87.3,90.00 
175,144937,172.36,90.00 
176,144938,169.41,90.00 
177,144939,342,90.00 
178,144940,350.55,90.00 
179,144941,81.24,90.00 
180,144942,160.07,90.00 
181,144943,164.48,90.00 
182,144944,4.38,90.00 
183,144945,345.04,90.00 
184,144946,346.18,90.00 
185,144947,150.14,90.00 
186,144948,349.04,90.00 
187,144949,171.15,90.00 
188,144950,141.2,90.00 
189,144951,150.17,90.00 
190,144952,343.37,90.00 
191,144953,325.36,90.00 
192,144954,321.56,90.00 
193,144955,265.55,90.00 
194,144956,282.32,90.00 
195,144957,277.21,90.00 
196,144958,89.19,90.00 
197,144959,187.29,90.00 
198,144960,275.45,90.00 
199,144961,88.35,90.00 
200,144962,274.11,90.00 
201,144963,277.15,90.00 
202,144964,276.03,90.00 
203,144965,286.05,90.00 
204,144966,298.36,90.00 
205,144967,93.06,90.00 
206,144968,86.33,90.00 
207,144969,72.03,90.00 
208,144970,27.58,90.00 
209,144971,38.47,90.00 
210,144972,40.46,90.00 
211,144973,40.11,90.00 
212,144974,92.46,90.00 
213,144975,256.44,90.00 
214,144976,257.15,90.00 
215,144977,231.2,90.00 
216,144978,262.45,90.00 
217,144979,129.6,90.00 
218,144980,299.12,90.00 
219,144981,307.23,90.00 
220,144982,306.4,90.00 
221,144983,158.45,90.00 
222,144984,158.12,90.00 
223,144985,334.48,90.00 
224,144986,160.41,90.00 
225,144987,161.42,90.00 
226,144988,327.42,90.00 
227,144989,335.28,90.00 
228,144990,158.05,90.00 
229,144991,326.59,90.00 
230,144992,124.46,90.00 
231,144993,309.32,90.00 
232,144994,172.04,90.00 
233,144995,352.21,90.00 
234,144996,356.04,90.00 
235,144997,357.29,90.00 
236,144998,167.45,90.00 
237,144999,359.02,90.00 
238,145000,148.32,90.00 
239,145001,7.37,90.00 
240,145002,351.3,90.00 
241,145003,10.27,90.00 
242,145004,182.07,90.00 
243,145005,10.32,90.00 
244,145006,9.59,90.00 
245,145007,31.21,90.00 
246,145008,7.16,90.00 
247,145009,200.15,90.00 
248,145010,197.28,90.00 
249,145011,16.24,90.00 
250,145012,301.01,90.00 
251,145013,29.56,90.00 
252,145014,28.55,90.00 
253,145015,209.26,90.00 
254,145016,16.16,90.00 
255,145017,12.42,90.00 
256,145018,185.26,90.00 
257,145019,186.3,90.00 
258,145020,188.48,90.00 
259,145021,194.49,90.00 
260,145022,13.53,90.00 
261,145023,357.58,90.00 
262,145024,358.36,90.00 
263,145025,354.26,90.00 
264,145026,356.12,90.00 
265,145027,22.37,90.00 
266,145028,43.02,90.00 
267,145029,193.1,90.00 
268,145030,194.15,90.00 
269,145031,229.37,90.00 
270,145032,39.26,90.00 
271,145033,246.49,90.00 
272,145034,252.16,90.00 
273,145035,232.51,90.00 
274,145036,52.21,90.00 
275,145037,47.38,90.00 
276,145038,42.58,90.00 
277,145039,177.13,90.00 
278,145040,83.54,90.00 
279,145041,80.44,90.00 
280,145042,110.48,90.00 
281,145043,187.47,90.00 
282,145044,140.44,90.00 
283,145045,126.03,90.00 
284,145046,143.01,90.00 
285,145047,105.16,90.00 
286,145048,109.44,90.00 
287,145049,86.57,90.00 
288,145050,271.34,90.00 
289,145051,186.29,90.00 
290,145052,72.23,90.00 
291,145053,61.08,90.00 
292,145054,77.18,90.00 
293,145055,285.07,90.00 
294,145056,285.05,90.00 
295,145057,111.25,90.00 
296,145058,117.09,90.00 
297,145059,126.23,90.00 
298,145060,128.12,90.00 
299,145061,130.41,90.00 
300,145062,89.15,90.00 
301,145063,183.12,90.00 
302,145064,183.01,90.00 
303,145065,176.31,90.00 
304,145066,181.27,90.00 
305,145067,180.51,90.00 
306,145068,0.26,90.00 
307,145069,111.33,90.00 
308,145070,137.01,90.00 
309,145071,100.42,90.00 
310,145072,160.07,90.00 
311,145073,322.55,90.00 
312,145074,175.34,90.00 
313,145075,324.49,90.00 
314,145076,158.15,90.00 
315,145077,166.5,90.00 
316,145078,167.17,90.00 
317,145079,274.24,90.00 
318,145080,151.47,90.00 
319,145081,93.05,90.00 
320,145082,307.31,90.00 
321,145083,307.14,90.00 
322,145084,160.42,90.00 
323,145085,164.16,90.00 
324,145086,153.43,90.00 
325,145087,161.26,90.00 
326,145088,71.05,90.00 
327,145089,155.07,90.00 
328,145090,151.17,90.00 
329,145091,132.53,90.00 
330,145092,130.19,90.00 
331,145093,156.2,90.00 
332,145094,318.36,90.00 
333,145095,134.1,90.00 
334,145096,148.03,90.00 
335,145097,165.17,90.00 
336,145098,234.3,90.00 
337,145099,48.57,90.00 
338,145100,229.31,90.00 
339,145101,50.09,90.00 
340,145102,54.48,90.00 
341,145103,39.13,90.00 
342,145104,250.18,90.00 
343,145105,42.26,90.00 
344,145106,237.54,90.00 
345,145107,234.19,90.00 
346,145108,53.15,90.00 
347,145109,68.52,90.00 
348,145110,64.11,90.00 
349,145111,141.13,90.00 
350,145112,201.03,90.00 
351,145113,242.35,90.00 
352,145114,65.01,90.00 
353,145115,65.53,90.00 
354,145116,282.55,90.00 
355,145117,282.55,90.00 
356,145118,191.01,90.00 
357,145119,280.39,90.00 
358,145120,200.29,90.00 
359,145121,274.46,90.00 
360,145122,190.47,90.00 
361,145123,190.47,90.00 
362,145124,274.15,90.00 
363,145125,277.08,90.00 
364,145126,277.08,90.00 
365,145127,198.49,90.00 
366,145128,190.36,90.00 
367,145129,255.24,90.00 
368,145130,255.24,90.00 
369,145131,276.56,90.00 
370,145132,267.2,90.00 
371,145133,206.16,90.00 
372,145134,273.13,90.00 
373,145135,273.13,90.00 
374,145136,196.03,90.00 
375,145137,196.03,90.00 
376,145138,267.04,90.00 
377,145139,197.55,90.00 
378,145140,268.04,90.00 
379,145141,211.04,90.00 
380,145142,214.35,90.00 
381,145143,272.26,90.00 
382,145144,261.26,90.00 
383,145145,261.26,90.00 
384,145146,256.03,90.00 
385,145147,182.24,90.00 
386,145148,182.24,90.00 
387,145149,285.38,90.00 
388,145150,21.6,90.00 
389,145151,12.44,90.00 
390,145152,294.34,90.00 
391,145153,282.04,90.00 
392,145154,282.04,90.00 
393,145155,281.19,90.00 
394,145156,279.31,90.00 
395,145157,285.19,90.00 
396,145158,285.59,90.00 
397,145159,285.27,90.00 
398,145160,280.24,90.00 
399,145161,284.5,90.00 
400,145162,11.56,90.00 
401,145163,105.06,90.00 
402,145164,107.57,90.00 
403,145165,107.57,90.00 
404,145166,88.59,90.00 
405,145167,5.59,90.00 
406,145168,82.51,90.00 
407,145169,85.36,90.00 
408,145170,28.22,90.00 
409,145171,109.2,90.00 
410,145172,103.05,90.00 
411,145173,94.1,90.00 
412,145174,28.46,90.00 
413,145175,97.27,90.00 
414,145176,97.27,90.00 
415,145177,100.21,90.00 
416,145178,69.45,90.00 
417,145179,91.17,90.00 
418,145180,91.17,90.00 
419,145181,16.44,90.00 
420,145182,79.12,90.00 
421,145183,79.12,90.00 
422,145184,70.3,90.00 
423,145185,60.58,90.00 
424,145186,92.21,90.00 
425,145187,90.21,90.00 
426,145188,29.39,90.00 
427,145189,84.46,90.00 
428,145190,84.46,90.00 
429,145191,99.38,90.00 
430,145192,116.58,90.00 
431,145193,110.06,90.00 
432,145194,115.24,90.00 
433,145195,110.5,90.00 
434,145196,110.5,90.00 
435,145197,110.5,90.00 
436,145198,112.24,90.00 
437,145199,100.18,90.00 
438,145200,100.18,90.00 
439,145201,114.22,90.00 
440,145202,208.51,90.00 
441,145203,112.37,90.00 
442,145204,112.37,90.00 
443,145205,0,90.00 
444,145206,117.02,90.00 
445,145207,220.38,90.00 
446,145208,181.43,90.00 
447,145209,98.01,90.00 
448,145210,97.31,90.00 
449,145211,117.21,90.00 
450,145212,105.59,90.00 
451,145213,206.57,90.00 
452,145214,205.1,90.00 
453,145215,114.56,90.00 
454,145216,106.34,90.00 
455,145217,106.34,90.00 
456,145218,199.29,90.00 
457,145219,200.2,90.00 
458,145220,288.56,90.00 
459,145221,295.06,90.00 
460,145222,294.35,90.00 
461,145223,287.15,90.00 
462,145224,0,90.00 
463,145225,13.57,90.00 
464,145226,33.08,90.00 
465,145227,33.08,90.00 
466,145228,2.17,90.00 
467,145229,8.19,90.00 
468,145230,0.56,90.00 
469,145231,285.48,90.00 
470,145232,198.06,90.00 
471,145233,191.28,90.00 
472,145234,180.45,90.00 
473,145235,185.2,90.00 
474,145236,160.15,90.00 
475,145237,175.24,90.00 
476,145238,176.16,90.00 
477,145239,88.28,90.00 
478,145240,165.05,90.00 
479,145241,171.17,90.00 
480,145242,169.38,90.00 
481,145243,277.26,90.00 
482,145244,176.45,90.00 
483,145245,238.46,90.00 
484,145246,87.21,90.00 
485,145247,198.22,90.00 
486,145248,114.56,90.00 
487,145249,186.56,90.00 
488,145250,207.56,90.00 
489,145251,212.06,90.00 
490,145252,96.4,90.00 
491,145253,178.54,90.00 
492,145254,175.58,90.00 
493,145255,90.27,90.00 
494,145256,6.33,90.00 
495,145257,9.43,90.00 
496,145258,356.16,90.00 
497,145259,349.58,90.00 
498,145260,358.16,90.00 
499,145261,6.32,90.00 
500,145262,3.48,90.00 
501,145263,358.57,90.00 
502,145264,123.51,90.00 
503,145265,63.26,90.00 
504,145266,67.25,90.00 
505,145267,242.34,90.00 
506,145268,281.22,90.00 
507,145269,323.22,90.00 
508,145270,300.47,90.00 
509,145271,236.42,90.00 
510,145272,224.17,90.00 
511,145273,232.47,90.00 
512,145274,222.16,90.00 
513,145275,219.14,90.00 
514,145276,248.04,90.00 
515,145277,248.29,90.00 
516,145278,225.48,90.00 
517,145279,216.09,90.00 
518,145280,351.59,90.00 
519,145281,350.4,90.00 
520,145282,37.31,90.00 
521,145283,35.31,90.00 
522,145284,57.35,90.00 
523,145285,43.4,90.00 
524,145286,59.27,90.00 
525,145287,79.3,90.00 
526,145288,75.22,90.00 
527,145289,70.29,90.00 
528,145290,69.32,90.00 
529,145291,70.26,90.00 
530,145292,69.16,90.00 
531,145293,135.44,90.00 
532,145294,207.21,90.00 
533,145295,133.42,90.00 
534,145296,159.07,90.00 
535,145297,165.45,90.00 
536,145298,170.55,90.00 
537,145299,148.41,90.00 
538,145300,180.14,90.00 
539,145301,165.04,90.00 
540,145302,162.35,90.00 
541,145303,163.5,90.00 
542,145304,334.53,90.00 
543,145305,355.05,90.00 
544,145306,359.38,90.00 
545,145307,355.03,90.00 
546,145308,354.4,90.00 
547,145309,355.5,90.00 
548,145310,351.28,90.00 
549,145311,350.05,90.00 
550,145312,312.03,90.00 
551,145313,37.12,90.00 
552,145314,338.21,90.00 
553,145315,359.59,90.00 
554,145316,93.06,90.00 
555,145317,111.23,90.00 
556,145318,100.34,90.00 
557,145319,97.26,90.00 
558,145320,77.56,90.00 
559,145321,92.16,90.00 
560,145322,95.5,90.00 
561,145323,94.12,90.00 
562,145324,98.13,90.00 
563,145325,50.34,90.00 
564,145326,281.45,90.00 
565,145327,264.14,90.00 
566,145328,290.47,90.00 
567,145329,289.55,90.00 
568,145330,298.59,90.00 
569,145331,293.22,90.00 
570,145332,295.35,90.00 
571,145333,291.36,90.00 
572,145334,204.52,90.00 
573,145335,280.01,90.00 
574,145336,268.54,90.00 
575,145337,276.29,90.00 
576,145338,301.06,90.00 
577,145339,184.53,90.00 
578,145340,101.54,90.00 
579,145341,118.19,90.00 
580,145342,240.06,90.00 
581,145343,273.01,90.00 
582,145344,166.4,90.00 
583,145345,170.23,90.00 
584,145346,155.2,90.00 
585,145347,150.38,90.00 
586,145348,221.5,90.00 
587,145349,241.25,90.00 
588,145350,325.25,90.00 
589,145351,333.58,90.00 
590,145352,250.24,90.00 
591,145353,250.24,90.00 
592,145354,14.38,90.00 
593,145355,348.24,90.00 
594,145356,347.43,90.00 
595,145357,61.17,90.00 
596,145358,60.5,90.00 
597,145359,42.12,90.00 
598,145360,44.5,90.00 
599,145361,84.46,90.00 
600,145362,2.06,90.00 
601,145363,39.4,90.00 
602,145364,103.52,90.00 
603,145365,57.47,90.00 
604,145366,43.59,90.00 
605,145367,171.51,90.00 
606,145368,173.42,90.00 
607,145369,169.56,90.00 
608,145370,157.16,90.00 
609,145371,130.37,90.00 
610,145372,50.38,90.00 
611,145373,148.57,90.00 
612,145374,47.11,90.00 
613,145375,61.5,90.00 
614,145376,272.03,90.00 
615,145377,256.36,90.00 
616,145378,283.18,90.00 
617,145379,287.32,90.00 
618,145380,241.04,90.00 
619,145381,240.46,90.00 
620,145382,243.26,90.00 
621,145383,272.37,90.00 
622,145384,209.23,90.00 
623,145385,30.45,90.00 
624,145386,279.45,90.00 
625,145387,271.43,90.00 
626,145388,89.52,90.00 
627,145389,190.55,90.00 
628,145390,275.59,90.00 
629,145391,105.51,90.00 
630,145392,109.14,90.00 
631,145393,118.09,90.00 
632,145394,81.3,90.00 
633,145395,181.52,90.00 
634,145396,359.3,90.00 
635,145397,350.09,90.00 
636,145398,153.46,90.00 
637,145399,190.39,90.00 
638,145400,356.21,90.00 
639,145401,264.46,90.00 
640,145402,262.55,90.00 
641,145403,273.46,90.00 
642,145404,115.58,90.00 
643,145405,276.49,90.00 
644,145406,107.5,90.00 
645,145407,350.58,90.00 
646,145408,178.17,90.00 
647,145409,273.38,90.00 
648,145410,100.03,90.00 
649,145411,269.52,90.00 
650,145412,80.17,90.00 
651,145413,100.38,90.00 
652,145414,172.19,90.00 
653,145415,1.16,90.00 
654,145416,279.56,90.00 
655,145417,21.56,90.00 
656,145418,104.29,90.00 
657,145419,276.56,90.00 
658,145420,272.07,90.00 
659,145421,116.49,90.00 
660,145422,80.51,90.00 
661,145423,286.25,90.00 
662,145424,273.06,90.00 
663,145425,84.16,90.00 
664,145426,276.57,90.00 
665,145427,5.25,90.00 
666,145428,77.27,90.00 
667,145429,292.46,90.00 
668,145430,87.6,90.00 
669,145431,279.41,90.00 
670,145432,183.32,90.00 
671,145433,91.29,90.00 
672,145434,269.45,90.00 
673,145435,86.52,90.00 
674,145436,189.04,90.00 
675,145437,9.09,90.00 
676,145438,278.11,90.00 
677,145439,192.43,90.00 
678,145440,83.43,90.00 
679,145441,273.31,90.00 
680,145442,273.58,90.00 
681,145443,110.42,90.00 
682,145444,273.1,90.00 
683,145445,7.46,90.00 
684,145446,95.52,90.00 
685,145447,276.6,90.00 
686,145448,186.38,90.00 
687,145449,268.16,90.00 
688,145450,84.21,90.00 
689,145451,198.41,90.00 
690,145452,94.21,90.00 
691,145453,278.31,90.00 
692,145454,346.51,90.00 
693,145455,191.31,90.00 
694,145456,100.13,90.00 
695,145457,206.16,90.00 
696,145458,267.25,90.00 
697,145459,109.12,90.00 
698,145460,67.39,90.00 
699,145461,298.53,90.00 
700,145462,200.34,90.00 
701,145463,77.58,90.00 
702,145464,54.41,90.00 
703,145465,277.53,90.00 
704,145466,87.55,90.00 
705,145467,80.16,90.00 
706,145468,269.1,90.00 
707,145469,176.57,90.00 
708,145470,287.22,90.00 
709,145471,177.25,90.00 
710,145472,184.22,90.00 
711,145473,283.29,90.00 
712,145474,26.09,90.00 
713,145475,21.49,90.00 
714,145476,98.1,90.00 
715,145477,268.18,90.00 
716,145478,267.49,90.00 
717,145479,61.21,90.00 
718,145480,280.44,90.00 
719,145481,28.43,90.00 
720,145482,207.47,90.00 
721,145483,16.03,90.00 
722,145484,26.53,90.00 
723,145485,34.27,90.00 
724,145486,303.03,90.00 
725,145487,30.18,90.00 
726,145488,13.5,90.00 
727,145489,18.3,90.00 
728,145490,288.59,90.00 
729,145491,319.24,90.00 
730,145492,206.47,90.00 
731,145493,20.4,90.00 
732,145494,282.43,90.00 
733,145495,282.16,90.00 
734,145496,357.05,90.00 
735,145497,126.38,90.00 
736,145498,210.46,90.00 
737,145499,201.28,90.00 
738,145500,27.47,90.00 
739,145501,262.57,90.00 
740,145502,279.32,90.00 
741,145503,193.11,90.00 
742,145504,274.05,90.00 
743,145505,193.47,90.00 
744,145506,279.37,90.00 
745,145507,260.31,90.00 
746,145508,175.56,90.00 
747,145509,174.2,90.00 
748,145510,20.44,90.00 
749,145511,21.36,90.00 
750,145512,100.23,90.00 
751,145513,102.14,90.00 
752,145514,11.32,90.00 
753,145515,13.51,90.00 
754,145516,102.32,90.00 
755,145517,97.33,90.00 
756,145518,46.39,90.00 
757,145519,93.48,90.00 
758,145520,107.32,90.00 
759,145521,106.44,90.00 
760,145522,24.28,90.00 
761,145523,93.13,90.00 
762,145524,89.48,90.00 
763,145525,90.05,90.00 
764,145526,94.2,90.00 
765,145527,106.42,90.00 
766,145528,22.27,90.00 
767,145529,1.34,90.00 
768,145530,112.58,90.00 
769,145531,120.12,90.00 
770,145532,96.3,90.00 
771,145533,26.33,90.00 
772,145534,114.5,90.00 
773,145535,82.31,90.00 
774,145536,82.15,90.00 
775,145537,289.34,90.00 
776,145538,122.37,90.00 
777,145539,295.4,90.00 
778,145540,316.4,90.00 
779,145541,11.13,90.00 
780,145542,30.19,90.00 
781,145543,6.3,90.00 
782,145544,14.05,90.00 
783,145545,21.31,90.00 
784,145546,25.07,90.00 
785,145547,26.02,90.00 
786,145548,27.04,90.00 
787,145549,196.16,90.00 
788,145550,202.24,90.00 
789,145551,196.37,90.00 
790,145552,183.41,90.00 
791,145553,200.45,90.00 
792,145554,184.57,90.00 
793,145555,180.08,90.00 
794,145556,184.12,90.00 
795,145557,103.08,90.00 
796,145558,297.4,90.00 
797,145559,320.29,90.00 
798,145560,97.54,90.00 
799,145561,102.45,90.00 
800,145562,99.14,90.00 
801,145563,262.27,90.00 
802,145564,258.12,90.00 
803,145565,259.04,90.00 
804,145566,122.38,90.00 
805,145567,113.22,90.00 
806,145568,191.31,90.00 
807,145569,190.07,90.00 
808,145570,111.04,90.00 
809,145571,126.26,90.00 
810,145572,200.48,90.00 
811,145573,118.32,90.00 
812,145574,182.35,90.00 
813,145575,359.19,90.00 
814,145576,17.34,90.00 
815,145577,308.53,90.00 
816,145578,23.25,90.00 
817,145579,18.3,90.00 
818,145580,12.09,90.00 
819,145581,290.4,90.00 
820,145582,23.36,90.00 
821,145583,18.17,90.00 
822,145584,211.43,90.00 
823,145585,88.02,90.00 
824,145586,266.17,90.00 
825,145587,21.24,90.00 
826,145588,12.19,90.00 
827,145589,296.28,90.00 
828,145590,1.15,90.00 
829,145591,292.29,90.00 
830,145592,4,90.00 
831,145593,4.12,90.00 
832,145594,292.16,90.00 
833,145595,292.14,90.00 
834,145596,187.51,90.00 
835,145597,117.12,90.00 
836,145598,115.11,90.00 
837,145599,185.56,90.00 
838,145600,118.41,90.00 
839,145601,19.22,90.00 
840,145602,109.41,90.00 
841,145603,72.03,90.00 
842,145604,9.59,90.00 
843,145605,19.45,90.00 
844,145606,51.41,90.00 
845,145607,194.3,90.00 
846,145608,171.3,90.00 
847,145609,183.26,90.00 
848,145610,286.36,90.00 
849,145611,189.51,90.00 
850,145612,105.09,90.00 
851,145613,104.1,90.00 
852,145614,256.01,90.00 
853,145615,282.21,90.00 
854,145616,90.33,90.00 
855,145617,143.36,90.00 
856,145618,280.34,90.00 
857,145619,258.53,90.00 
858,145620,279.18,90.00 
859,145621,195.1,90.00 
860,145622,340.33,90.00 
861,145623,183.53,90.00 
862,145624,8.21,90.00 
863,145625,18.31,90.00 
864,145626,184.26,90.00 
865,145627,280.38,90.00 
866,145628,290.55,90.00 
867,145629,92.31,90.00 
868,145630,284.14,90.00 
869,145631,283.58,90.00 
870,145632,197.1,90.00 
871,145633,156.41,90.00 
872,145634,165.45,90.00 
873,145635,170.5,90.00 
874,145636,204.04,90.00 
875,145637,214.33,90.00 
876,145638,206.36,90.00 
877,145639,176.08,90.00 
878,145640,177.54,90.00 
879,145641,186.56,90.00 
880,145642,148.23,90.00 
881,145643,203.17,90.00 
882,145644,188.28,90.00 
883,145645,155.31,90.00 
884,145646,159.36,90.00 
885,145647,161.38,90.00 
886,145648,203.14,90.00 
887,145649,211.22,90.00 
888,145650,192.59,90.00 
889,145651,179.21,90.00 
890,145652,170.32,90.00 
891,145653,343.38,90.00 
892,145654,345.58,90.00 
893,145655,18.56,90.00 
894,145656,22.05,90.00 
895,145657,12.05,90.00 
896,145658,13.44,90.00 
897,145659,357.54,90.00 
898,145660,9.14,90.00 
899,145661,19.53,90.00 
900,145662,45.03,90.00 
901,145663,34.33,90.00 
902,145664,16.31,90.00 
903,145665,348.19,90.00 
904,145666,1.53,90.00 
905,145667,345.08,90.00 
906,145668,348.2,90.00 
907,145669,335.45,90.00 
908,145670,342.4,90.00 
909,145671,331.46,90.00 
910,145672,334.41,90.00 
911,145673,356.1,90.00 
912,145674,359.6,90.00 
913,145675,343.03,90.00 
914,145676,345.07,90.00 
915,145677,351.22,90.00 
916,145678,15.28,90.00 
917,145679,328.58,90.00 
918,145680,321.11,90.00 
919,145681,278.3,90.00 
920,145682,164.17,90.00 
921,145683,99.11,90.00 
922,145684,88.31,90.00 
923,145685,111.09,90.00 
924,145686,109.32,90.00 
925,145687,269.36,90.00 
926,145688,292.17,90.00 
927,145689,239.45,90.00 
928,145690,250.16,90.00 
929,145691,5.04,90.00 
930,145692,82.05,90.00 
931,145693,109.03,90.00 
932,145694,127.25,90.00 
933,145695,194.3,90.00 
934,145696,183.21,90.00 
935,145697,168.32,90.00 
936,145698,16.54,90.00 
937,145699,189.31,90.00 
938,145700,0.38,90.00 
939,145701,359.19,90.00 
940,145702,177.04,90.00 
941,145703,269.49,90.00 
942,145704,251.28,90.00 
943,145705,16.25,90.00 
944,145706,70.01,90.00 
945,145707,174.09,90.00 
946,145708,45.26,90.00 
947,145709,33.01,90.00 
948,145710,17.51,90.00 
949,145711,26.15,90.00 
950,145712,208.49,90.00 
951,145713,205.52,90.00 
952,145714,206.41,90.00 
953,145715,209.33,90.00 
954,145716,280.15,90.00 
955,145717,98.29,90.00 
956,145718,197.51,90.00 
957,145719,280.15,90.00 
958,145720,280.15,90.00 
959,145721,100.15,90.00 
960,145722,191.44,90.00 
961,145723,11.44,90.00 
962,145724,105.33,90.00 
963,145725,282.34,90.00 
964,145726,283.26,90.00 
965,145727,282.34,90.00 
966,145728,131.4,90.00 
967,145729,192.26,90.00 
968,145730,12.26,90.00 
969,145731,192.26,90.00 
970,145732,284.24,90.00 
971,145733,282.51,90.00 
972,145734,284.24,90.00 
973,145735,104.24,90.00 
974,145736,287.4,90.00 
975,145737,287.4,90.00 
976,145738,287.4,90.00 
977,145739,287.4,90.00 
978,145740,154.21,90.00 
979,145741,100.37,90.00 
980,145742,287.4,90.00 
981,145743,107.4,90.00 
982,145744,16.52,90.00 
983,145745,107.4,90.00 
984,145746,10.02,90.00 
985,145747,109.24,90.00 
986,145748,109.24,90.00 
987,145749,289.24,90.00 
988,145750,103.16,90.00 
989,145751,302.6,90.00 
990,145752,111.17,90.00 
991,145753,291.17,90.00 
992,145754,106.24,90.00 
993,145755,284.38,90.00 
994,145756,98.29,90.00 
995,145757,29.29,90.00 
996,145758,107.4,90.00 
997,145759,17.54,90.00 
998,145760,135.25,90.00 
999,145761,285.4,90.00 
1000,145762,120.53,90.00 
1001,145763,288.55,90.00 
1002,145764,293.5,90.00 
1003,145765,128.55,90.00 
1004,145766,65.42,90.00 
1005,145767,310.02,90.00 
1006,145768,130.56,90.00 
1007,145769,225.28,90.00 
1008,145770,300.5,90.00 
1009,145771,113.21,90.00 
1010,145772,148.45,90.00 
1011,145773,28.08,90.00 
1012,145774,202.19,90.00 
1013,145775,172.47,90.00 
1014,145776,7.21,90.00 
1015,145777,265.05,90.00 
1016,145778,117.39,90.00 
1017,145779,357.29,90.00 
1018,145780,165.53,90.00 
1019,145781,244.05,90.00 
1020,145782,89.51,90.00 
1021,145783,177.41,90.00 
1022,145784,265.15,90.00 
1023,145785,284.04,90.00 
1024,145786,61.53,90.00 
1025,145787,253.49,90.00 
1026,145788,59.27,90.00 
1027,145789,66.51,90.00 
1028,145790,8.57,90.00 
1029,145791,260.14,90.00 
1030,145792,96.4,90.00 
1031,145793,280.3,90.00 
1032,145794,197.27,90.00 
1033,145795,16.55,90.00 
1034,145796,24.34,90.00 
1035,145797,204.17,90.00 
1036,145798,321.3,90.00 
1037,145799,110.02,90.00 
1038,145800,196.56,90.00 
1039,145801,156.41,90.00 
1040,145802,165.45,90.00 
1041,145803,170.5,90.00 
1042,145804,204.04,90.00 
1043,145805,214.33,90.00 
1044,145806,206.36,90.00 
1045,145807,176.08,90.00 
1046,145808,177.54,90.00 
1047,145809,186.56,90.00 
1048,145810,148.23,90.00 
1049,145811,203.17,90.00 
1050,145812,188.28,90.00 
1051,145813,155.31,90.00 
1052,145814,159.36,90.00 
1053,145815,161.38,90.00 
1054,145816,203.14,90.00 
1055,145817,211.22,90.00 
1056,145818,192.59,90.00 
1057,145819,179.21,90.00 
1058,145820,170.32,90.00 
1059,145821,343.38,90.00 
1060,145822,345.58,90.00 
1061,145823,18.56,90.00 
1062,145824,22.05,90.00 
1063,145825,12.05,90.00 
1064,145826,13.44,90.00 
1065,145827,357.54,90.00 
1066,145828,9.14,90.00 
1067,145829,19.53,90.00 
1068,145830,45.03,90.00 
1069,145831,34.33,90.00 
1070,145832,16.31,90.00 
1071,145833,348.19,90.00 
1072,145834,1.53,90.00 
1073,145835,345.08,90.00 
1074,145836,348.2,90.00 
1075,145837,335.45,90.00 
1076,145838,342.4,90.00 
1077,145839,331.46,90.00 
1078,145840,334.41,90.00 
1079,145841,356.1,90.00 
1080,145842,359.6,90.00 
1081,145843,343.03,90.00 
1082,145844,345.07,90.00 
1083,145845,351.22,90.00 
1084,145846,15.28,90.00 
1085,145847,328.58,90.00 
1086,145848,321.11,90.00 
1087,145849,278.3,90.00 
1088,145850,164.17,90.00 
1089,145851,99.11,90.00 
1090,145852,88.31,90.00 
1091,145853,111.09,90.00 
1092,145854,109.32,90.00 
1093,145855,269.36,90.00 
1094,145856,292.17,90.00 
1095,145857,239.45,90.00 
1096,145858,250.16,90.00 
1097,145859,5.04,90.00 
1098,145860,82.05,90.00 
1099,145861,109.03,90.00 
1100,145862,127.25,90.00 
1101,145863,194.3,90.00 
1102,145864,183.21,90.00 
1103,145865,168.32,90.00 
1104,145866,16.54,90.00 
1105,145867,189.31,90.00 
1106,145868,0.38,90.00 
1107,145869,359.19,90.00 
1108,145870,177.04,90.00 
1109,145871,269.49,90.00 
1110,145872,251.28,90.00 
1111,145873,16.25,90.00 
1112,145874,70.01,90.00 
1113,145875,174.09,90.00 
1114,145876,33.01,90.00 
1115,145877,45.26,90.00 
1116,145878,17.51,90.00 
1117,145879,26.15,90.00 
1118,145880,208.49,90.00 
1119,145881,205.52,90.00 
1120,145882,206.41,90.00 
1121,145883,209.33,90.00 
1122,145884,280.15,90.00 
1123,145885,98.29,90.00 
1124,145886,197.51,90.00 
1125,145887,280.15,90.00 
1126,145888,280.15,90.00 
1127,145889,100.15,90.00 
1128,145890,191.44,90.00 
1129,145891,11.44,90.00 
1130,145892,105.33,90.00 
1131,145893,282.34,90.00 
1132,145894,283.26,90.00 
1133,145895,282.34,90.00 
1134,145896,131.4,90.00 
1135,145897,192.26,90.00 
1136,145898,12.26,90.00 
1137,145899,192.26,90.00 
1138,145900,284.24,90.00 
1139,145901,282.51,90.00 
1140,145902,284.24,90.00 
1141,145903,104.24,90.00 
1142,145904,287.4,90.00 
1143,145905,287.4,90.00 
1144,145906,287.4,90.00 
1145,145907,287.4,90.00 
1146,145908,154.21,90.00 
1147,145909,100.37,90.00 
1148,145910,287.4,90.00 
1149,145911,107.4,90.00 
1150,145912,16.52,90.00 
1151,145913,107.4,90.00 
1152,145914,10.02,90.00 
1153,145915,109.24,90.00 
1154,145916,109.24,90.00 
1155,145917,289.24,90.00 
1156,145918,103.16,90.00 
1157,145919,302.6,90.00 
1158,145920,111.17,90.00 
1159,145921,291.17,90.00 
1160,145922,106.24,90.00 
1161,145923,284.38,90.00 
1162,145924,98.29,90.00 
1163,145925,29.29,90.00 
1164,145926,107.4,90.00 
1165,145927,17.54,90.00 
1166,145928,135.25,90.00 
1167,145929,285.4,90.00 
1168,145930,120.53,90.00 
1169,145931,288.55,90.00 
1170,145932,293.5,90.00 
1171,145933,128.55,90.00 
1172,145934,65.42,90.00 
1173,145935,310.02,90.00 
1174,145936,130.56,90.00 
1175,145937,225.28,90.00 
1176,145938,300.5,90.00 
1177,145939,113.21,90.00 
1178,145940,148.45,90.00 
1179,145941,28.08,90.00 
1180,145942,202.19,90.00 
1181,145943,172.47,90.00 
1182,145944,7.21,90.00 
1183,145945,265.05,90.00 
1184,145946,117.39,90.00 
1185,145947,357.29,90.00 
1186,145948,165.53,90.00 
1187,145949,244.05,90.00 
1188,145950,89.51,90.00 
1189,145951,177.41,90.00 
1190,145952,265.15,90.00 
1191,145953,284.04,90.00 
1192,145954,61.53,90.00 
1193,145955,253.49,90.00 
1194,145956,59.27,90.00 
1195,145957,66.51,90.00 
1196,145958,8.57,90.00 
1197,145959,260.14,90.00 
1198,145960,96.4,90.00 
1199,145961,280.3,90.00 
1200,145962,197.27,90.00 
1201,145963,16.55,90.00 
1202,145964,24.34,90.00 
1203,145965,204.17,90.00 
1204,145966,321.3,90.00 
1205,145967,110.02,90.00 
1206,145968,196.56,90.00 
1207,145969,167.48,90.00 
1208,145970,167.48,90.00 
1209,145971,156.41,90.00 
1210,145972,165.45,90.00 
1211,145973,170.5,90.00 
1212,145974,204.04,90.00 
1213,145975,214.33,90.00 
1214,145976,206.36,90.00 
1215,145977,176.08,90.00 
1216,145978,177.54,90.00 
1217,145979,186.56,90.00 
1218,145980,148.23,90.00 
1219,145981,203.17,90.00 
1220,145982,188.28,90.00 
1221,145983,155.31,90.00 
1222,145984,159.36,90.00 
1223,145985,161.38,90.00 
1224,145986,18.4,90.00 
1225,145987,18.4,90.00 
1226,145988,203.14,90.00 
1227,145989,211.22,90.00 
1228,145990,192.59,90.00 
1229,145991,179.21,90.00 
1230,145992,170.32,90.00 
1231,145993,343.38,90.00 
1232,145994,345.58,90.00 
1233,145995,18.56,90.00 
1234,145996,22.05,90.00 
1235,145997,12.05,90.00 
1236,145998,13.44,90.00 
1237,145999,357.54,90.00 
1238,146000,9.14,90.00 
1239,146001,19.53,90.00 
1240,146002,45.03,90.00 
1241,146003,34.33,90.00 
1242,146004,16.31,90.00 
1243,146005,348.19,90.00 
1244,146006,1.53,90.00 
1245,146007,345.08,90.00 
1246,146008,348.2,90.00 
1247,146009,335.45,90.00 
1248,146010,342.4,90.00 
1249,146011,331.46,90.00 
1250,146012,334.41,90.00 
1251,146013,356.1,90.00 
1252,146014,359.6,90.00 
1253,146015,343.03,90.00 
1254,146016,345.07,90.00 
1255,146017,351.22,90.00 
1256,146018,15.28,90.00 
1257,146019,328.58,90.00 
1258,146020,321.11,90.00 
1259,146021,278.3,90.00 
1260,146022,164.17,90.00 
1261,146023,99.11,90.00 
1262,146024,88.31,90.00 
1263,146025,111.09,90.00 
1264,146026,109.32,90.00 
1265,146027,269.36,90.00 
1266,146028,292.17,90.00 
1267,146029,239.45,90.00 
1268,146030,250.16,90.00 
1269,146031,5.04,90.00 
1270,146032,82.05,90.00 
1271,146033,109.03,90.00 
1272,146034,127.25,90.00 
1273,146035,194.3,90.00 
1274,146036,183.21,90.00 
1275,146037,168.32,90.00 
1276,146038,16.54,90.00 
1277,146039,189.31,90.00 
1278,146040,0.38,90.00 
1279,146041,359.19,90.00 
1280,146042,177.04,90.00 
1281,146043,269.49,90.00 
1282,146044,251.28,90.00 
1283,146045,16.25,90.00 
1284,146046,70.01,90.00 
1285,146047,174.09,90.00 
1286,146048,33.01,90.00 
1287,146049,45.26,90.00 
1288,146050,17.51,90.00 
1289,146051,26.15,90.00 
1290,146052,208.49,90.00 
1291,146053,205.52,90.00 
1292,146054,206.41,90.00 
1293,146055,209.33,90.00 
1294,146056,280.15,90.00 
1295,146057,98.29,90.00 
1296,146058,197.51,90.00 
1297,146059,280.15,90.00 
1298,146060,280.15,90.00 
1299,146061,100.15,90.00 
1300,146062,191.44,90.00 
1301,146063,11.44,90.00 
1302,146064,105.33,90.00 
1303,146065,282.34,90.00 
1304,146066,283.26,90.00 
1305,146067,282.34,90.00 
1306,146068,131.4,90.00 
1307,146069,192.26,90.00 
1308,146070,12.26,90.00 
1309,146071,192.26,90.00 
1310,146072,284.24,90.00 
1311,146073,282.51,90.00 
1312,146074,284.24,90.00 
1313,146075,104.24,90.00 
1314,146076,287.4,90.00 
1315,146077,287.4,90.00 
1316,146078,287.4,90.00 
1317,146079,287.4,90.00 
1318,146080,154.21,90.00 
1319,146081,100.37,90.00 
1320,146082,287.4,90.00 
1321,146083,107.4,90.00 
1322,146084,16.52,90.00 
1323,146085,107.4,90.00 
1324,146086,10.02,90.00 
1325,146087,109.24,90.00 
1326,146088,109.24,90.00 
1327,146089,289.24,90.00 
1328,146090,103.16,90.00 
1329,146091,302.6,90.00 
1330,146092,111.17,90.00 
1331,146093,291.17,90.00 
1332,146094,106.24,90.00 
1333,146095,284.38,90.00 
1334,146096,98.29,90.00 
1335,146097,29.29,90.00 
1336,146098,107.4,90.00 
1337,146099,17.54,90.00 
1338,146100,135.25,90.00 
1339,146101,285.4,90.00 
1340,146102,120.53,90.00 
1341,146103,288.55,90.00 
1342,146104,293.5,90.00 
1343,146105,128.55,90.00 
1344,146106,65.42,90.00 
1345,146107,310.02,90.00 
1346,146108,130.56,90.00 
1347,146109,225.28,90.00 
1348,146110,300.5,90.00 
1349,146111,113.21,90.00 
1350,146112,148.45,90.00 
1351,146113,28.08,90.00 
1352,146114,202.19,90.00 
1353,146115,172.47,90.00 
1354,146116,7.21,90.00 
1355,146117,265.05,90.00 
1356,146118,117.39,90.00 
1357,146119,357.29,90.00 
1358,146120,165.53,90.00 
1359,146121,244.05,90.00 
1360,146122,89.51,90.00 
1361,146123,177.41,90.00 
1362,146124,265.15,90.00 
1363,146125,284.04,90.00 
1364,146126,61.53,90.00 
1365,146127,253.49,90.00 
1366,146128,59.27,90.00 
1367,146129,66.51,90.00 
1368,146130,8.57,90.00 
1369,146131,260.14,90.00 
1370,146132,96.4,90.00 
1371,146133,280.3,90.00 
1372,146134,197.27,90.00 
1373,146135,16.55,90.00 
1374,146136,24.34,90.00 
1375,146137,204.17,90.00 
1376,146138,321.3,90.00 
1377,146139,110.02,90.00 
1378,146140,196.56,90.00 
1379,146141,159.36,90.00 
1380,146142,188.28,90.00 
1381,146143,203.17,90.00 
1382,146144,176.08,90.00 
1383,146145,156.41,90.00 
1384,146146,161.38,90.00 
1385,146147,177.54,90.00 
1386,146148,170.32,90.00 
1387,146149,343.38,90.00 
1388,146150,345.58,90.00 
1389,146151,18.56,90.00 
1390,146152,22.05,90.00 
1391,146153,9.14,90.00 
1392,146154,357.54,90.00 
1393,146155,335.45,90.00 
1394,146156,342.4,90.00 
1395,146157,331.46,90.00 
1396,146158,102.38,90.00 
1397,146159,92.13,90.00 
1398,146160,115.48,90.00 
1399,146161,243.36,90.00 
1400,146162,254.07,90.00 
1401,146163,145.46,90.00 
1402,146164,145.46,90.00 
1403,146165,26.15,90.00 
1404,146166,205.52,90.00 
1405,146167,197.51,90.00 
1406,146168,280.15,90.00 
1407,146169,154.21,90.00 
1408,146170,100.37,90.00 
1409,146171,106.24,90.00 
1410,146172,284.38,90.00 
1411,146173,17.51,90.00 
1412,146174,98.29,90.00 
1413,146175,280.15,90.00 
1414,146176,98.29,90.00 
1415,146177,29.29,90.00 
1416,146178,208.49,90.00 
1417,146179,287.4,90.00 
1418,146180,107.4,90.00 
1419,146181,285.4,90.00 
1420,146182,120.53,90.00 
1421,146183,288.55,90.00 
1422,146184,265.05,90.00 
1423,146185,117.39,90.00 
1424,146186,89.51,90.00 
1425,146187,244.05,90.00 
1426,146188,177.41,90.00 
1427,146189,265.15,90.00 
1428,146190,265.15,90.00 
1429,146191,284.04,90.00 
1430,146192,284.04,90.00 
1431,146193,253.49,90.00 
1432,146194,59.27,90.00 
1433,146195,66.51,90.00 
1434,146196,260.14,90.00 
1435,146197,0,0.00 
1436,146198,0,0.00 
1437,146199,0,0.00 
1438,146200,0,0.00 
1439,146201,0,0.00 
1440,146202,0,0.00 
1441,146203,0,0.00 
1442,146204,0,0.00 
1443,146205,0,0.00 
1444,146206,0,0.00 
1445,146207,0,0.00 
1446,146208,0,0.00 
1447,146209,0,0.00 
1448,146210,0,0.00 
1449,146211,0,0.00 
1450,146212,0,0.00 
1451,146213,0,0.00 
1452,146214,0,0.00 
1453,146215,0,0.00 
1454,146216,0,0.00 
1455,146217,0,0.00 
1456,146218,0,0.00 
1457,146219,0,0.00 
1458,146220,0,0.00 
1459,146221,0,0.00 
1460,146222,0,0.00 
1461,146223,0,0.00 
1462,146224,0,0.00 
1463,146225,0,0.00 
1464,146226,0,0.00 
1465,146227,0,0.00 
1466,146228,0,0.00 
1467,146229,0,0.00 
1468,146230,0,0.00 
1469,146231,0,0.00 
1470,146232,0,0.00 
1471,146233,0,0.00 
1472,146234,0,0.00 
1473,146235,0,0.00 
1474,146236,0,0.00 
1475,146237,0,0.00 
1476,146238,0,0.00 
1477,146239,0,0.00 
1478,146240,0,0.00 
1479,146241,0,0.00 
1480,146242,0,0.00 
1481,146243,0,0.00 
1482,146244,0,0.00 
1483,146245,0,0.00 
1484,146246,0,0.00 
1485,146247,0,0.00 
1486,146248,0,0.00 
1487,146249,0,0.00 
1488,146250,0,0.00 
1489,146251,0,0.00 
1490,146252,0,0.00 
1491,146253,0,0.00 
1492,146254,0,0.00 
1493,146255,0,0.00 
1494,146256,0,0.00 
1495,146257,0,0.00 
1496,146258,0,0.00 
1497,146259,0,0.00 
1498,146260,0,0.00 
1499,146261,0,0.00 
1500,146262,0,0.00 
1501,146263,0,0.00 
1502,146264,0,0.00 
1503,146265,0,0.00 
1504,146266,0,0.00 
1505,146267,0,0.00 
1506,146268,0,0.00 
1507,146269,0,0.00 
1508,146270,0,0.00 
1509,146271,0,0.00 
1510,146272,0,0.00 
1511,146273,0,0.00 
1512,146274,0,0.00 
1513,146275,0,0.00 
1514,146276,0,0.00 
1515,146277,0,0.00 
1516,146278,0,0.00 
1517,146279,0,0.00 
1518,146280,0,0.00 
1519,146281,0,0.00 
1520,146282,0,0.00 
1521,146283,0,0.00 
1522,146284,0,0.00 
1523,146285,0,0.00 
1524,146286,0,0.00 
1525,146287,0,0.00 
1526,146288,0,0.00 
1527,146289,0,0.00 
1528,146290,0,0.00 
1529,146291,0,0.00 
1530,146292,0,0.00 
1531,146293,0,0.00 
1532,146294,0,0.00 
1533,146295,0,0.00 
1534,146296,0,0.00 
1535,146297,0,0.00 
1536,146298,0,0.00 
1537,146299,0,0.00 
1538,146300,0,0.00 
1539,146301,0,0.00 
1540,146302,0,0.00 
1541,146303,0,0.00 
1542,146304,0,0.00 
1543,146305,0,0.00 
1544,146306,0,0.00 
1545,146307,0,0.00 
1546,146308,0,0.00 
1547,146309,0,0.00 
1548,146310,0,0.00 
1549,146311,0,0.00 
1550,146312,0,0.00 
1551,146313,0,0.00 
1552,146314,0,0.00 
1553,146315,0,0.00 
1554,146316,0,0.00 
1555,146317,0,0.00 
1556,146318,0,0.00 
1557,146319,0,0.00 
1558,146320,0,0.00 
1559,146321,0,0.00 
1560,146322,0,0.00 
1561,146323,0,0.00 
1562,146324,0,0.00 
1563,146325,0,0.00 
1564,146326,0,0.00 
1565,146327,0,0.00 
1566,146328,0,0.00 
1567,146329,0,0.00 
1568,146330,0,0.00 
1569,146331,0,0.00 
1570,146332,0,0.00 
1571,146333,0,0.00 
1572,146334,0,0.00 
1573,146335,0,0.00 
1574,146336,0,0.00 
1575,146337,0,0.00 
1576,146338,0,0.00 
1577,146339,0,0.00 
1578,146340,0,0.00 
1579,146341,0,0.00 
1580,146342,0,0.00 
1581,146343,0,0.00 
1582,146344,0,0.00 
1583,146345,0,0.00 
1584,146346,0,0.00 
1585,146347,0,0.00 
1586,146348,0,0.00 
1587,146349,0,0.00 
1588,146350,0,0.00 
1589,146351,0,0.00 
1590,146352,0,0.00 
1591,146353,0,0.00 
1592,146354,0,0.00 
1593,146355,0,0.00 
1594,146356,0,0.00 
1595,146357,0,0.00 
1596,146358,0,0.00 
1597,146359,0,0.00 
1598,146360,0,0.00 
1599,146361,0,0.00 
1600,146362,0,0.00 
1601,146363,0,0.00 
1602,146364,0,0.00 
1603,146365,0,0.00 
1604,146366,0,0.00 
1605,146367,0,0.00 
1606,146368,0,0.00 
1607,146369,0,0.00 
1608,146370,0,0.00 
1609,146371,0,0.00 
1610,146372,0,0.00 
1611,146373,0,0.00 
1612,146374,0,0.00 
1613,146375,0,0.00 
1614,146376,0,0.00 
1615,146377,0,0.00 
1616,146378,0,0.00 
1617,146379,0,0.00 
1618,146380,0,0.00 
1619,146381,0,0.00 
1620,146382,0,0.00 
1621,146383,0,0.00 
1622,146384,0,0.00 
1623,146385,0,0.00 
1624,146386,0,0.00 
1625,146387,0,0.00 
1626,146388,0,0.00 
1627,146389,0,0.00 
1628,146390,0,0.00 
1629,146391,0,0.00 
1630,146392,0,0.00 
1631,146393,0,0.00 
1632,146394,0,0.00 
1633,146395,0,0.00 
1634,146396,0,0.00 
1635,146397,0,0.00 
1636,146398,0,0.00 
1637,146399,0,0.00 
1638,146400,0,0.00 
1639,146401,0,0.00 
1640,146402,0,0.00 
1641,146403,0,0.00 
1642,146404,0,0.00 
1643,146405,0,0.00 
1644,146406,0,0.00 
1645,146407,0,0.00 
1646,146408,0,0.00 
1647,146409,0,0.00 
1648,146410,0,0.00 
1649,146411,0,0.00 
1650,146412,0,0.00 
1651,146413,0,0.00 
1652,146414,0,0.00 
1653,146415,0,0.00 
1654,146416,0,0.00 
1655,146417,0,0.00 
1656,146418,0,0.00 
1657,146419,0,0.00 
1658,146420,0,0.00 
1659,146421,0,0.00 
1660,146422,0,0.00 
1661,146423,0,0.00 
1662,146424,0,0.00 
1663,146425,0,0.00 
1664,146426,0,0.00 
1665,146427,0,0.00 
1666,146428,0,0.00 
1667,146429,0,0.00 
1668,146430,0,0.00 
1669,146431,0,0.00 
1670,146432,0,0.00 
1671,146433,0,0.00 
1672,146434,0,0.00 
1673,146435,0,0.00 
1674,146436,0,0.00 
1675,146437,0,0.00 
1676,146438,0,0.00 
1677,146439,0,0.00 
1678,146440,0,0.00 
1679,146441,0,0.00 
1680,146442,0,0.00 
1681,146443,0,0.00 
1682,146444,0,0.00 
1683,146445,0,0.00 
1684,146446,0,0.00 
1685,146447,0,0.00 
1686,146448,0,0.00 
1687,146449,0,0.00 
1688,146450,0,0.00 
1689,146451,0,0.00 
1690,146452,0,0.00 
1691,146453,0,0.00 
1692,146454,0,0.00 
1693,146455,0,0.00 
1694,146456,0,0.00 
1695,146457,0,0.00 
1696,146458,0,0.00 
1697,146459,0,0.00 
1698,146460,0,0.00 
1699,146461,0,0.00 
1700,146462,0,0.00 
1701,146463,0,0.00 
1702,146464,0,0.00 
1703,146465,0,0.00 
1704,146466,0,0.00 
1705,146467,0,0.00 
1706,146468,0,0.00 
1707,146469,0,0.00 
1708,146470,0,0.00 
1709,146471,0,0.00 
1710,146472,0,0.00 
1711,146473,0,0.00 
1712,146474,0,0.00 
1713,146475,0,0.00 
1714,146476,0,0.00 
1715,146477,0,0.00 
1716,146478,0,0.00 
1717,146479,0,0.00 
1718,146480,0,0.00 
1719,146481,0,0.00 
1720,146482,0,0.00 
1721,146483,0,0.00 
1722,146484,0,0.00 
1723,146485,0,0.00 
1724,146486,0,0.00 
1725,146487,0,0.00 
1726,146488,0,0.00 
1727,146489,0,0.00 
1728,146490,0,0.00 
1729,146491,0,0.00 
1730,146492,0,0.00 
1731,146493,0,0.00 
1732,146494,0,0.00 
1733,146495,0,0.00 
1734,146496,0,0.00 
1735,146497,0,0.00 
1736,146498,0,0.00 
1737,146499,0,0.00 
1738,146500,0,0.00 
1739,146501,0,0.00 
1740,146502,0,0.00 
1741,146503,0,0.00 
1742,146504,0,0.00 
1743,146505,0,0.00 
1744,146506,0,0.00 
1745,146507,0,0.00 
1746,146508,0,0.00 
1747,146509,0,0.00 
1748,146510,0,0.00 
1749,146511,0,0.00 
1750,146512,0,0.00 
1751,146513,0,0.00 
1752,146514,0,0.00 
1753,146515,0,0.00 
1754,146516,0,0.00 
1755,146517,0,0.00 
1756,146518,0,0.00 
1757,146519,0,0.00 
1758,146520,0,0.00 
1759,146521,0,0.00 
1760,146522,0,0.00 
1761,146523,0,0.00 
1762,146524,0,0.00 
1763,146525,0,0.00 
1764,146526,0,0.00 
1765,146527,0,0.00 
1766,146528,0,0.00 
1767,146529,0,0.00 
1768,146530,0,0.00 
1769,146531,0,0.00 
1770,146532,0,0.00 
1771,146533,0,0.00 
1772,146534,0,0.00 
1773,146535,0,0.00 
1774,146536,0,0.00 
1775,146537,0,0.00 
1776,146538,0,0.00 
1777,146539,0,0.00 
1778,146540,0,0.00 
1779,146541,0,0.00 
1780,146542,0,0.00 
1781,146543,0,0.00 
1782,146544,0,0.00 
1783,146545,0,0.00 
1784,146546,0,0.00 
1785,146547,0,0.00 
1786,146548,0,0.00 
1787,146549,0,0.00 
1788,146550,0,0.00 
1789,146551,0,0.00 
1790,146552,0,0.00 
1791,146553,0,0.00 
1792,146554,0,0.00 
1793,146555,0,0.00 
1794,146556,0,0.00 
1795,146557,0,0.00 
1796,146558,0,0.00 
1797,146559,0,0.00 
1798,146560,0,0.00 
1799,146561,0,0.00 
1800,146562,0,0.00 
1801,146563,0,0.00 
1802,146564,0,0.00 
1803,146565,0,0.00 
1804,146566,0,0.00 
1805,146567,0,0.00 
1806,146568,0,0.00 
1807,146569,0,0.00 
1808,146570,0,0.00 
1809,146571,0,0.00 
1810,146572,0,0.00 
1811,146573,0,0.00 
1812,146574,0,0.00 
1813,146575,0,0.00 
1814,146576,0,0.00 
1815,146577,0,0.00 
1816,146578,0,0.00 
1817,146579,0,0.00 
1818,146580,0,0.00 
1819,146581,0,0.00 
1820,146582,0,0.00 
1821,146583,0,0.00 
1822,146584,0,0.00 
1823,146585,0,0.00 
1824,146586,0,0.00 
1825,146587,0,0.00 
1826,146588,0,0.00 
1827,146589,0,0.00 
1828,146590,0,0.00 
1829,146591,0,0.00 
1830,146592,0,0.00 
1831,146593,0,0.00 
1832,146594,0,0.00 
1833,146595,0,0.00 
1834,146596,0,0.00 
1835,146597,0,0.00 
1836,146598,0,0.00 
1837,146599,0,0.00 
1838,146600,0,0.00 
1839,146601,0,0.00 
1840,146602,0,0.00 
1841,146603,0,0.00 
1842,146604,0,0.00 
1843,146605,0,0.00 
1844,146606,0,0.00 
1845,146607,0,0.00 
1846,146608,0,0.00 
1847,146609,0,0.00 
1848,146610,0,0.00 
1849,146611,0,0.00 
1850,146612,0,0.00 
1851,146613,0,0.00 
1852,146614,0,0.00 
1853,146615,0,0.00 
1854,146616,0,0.00 
1855,146617,0,0.00 
1856,146618,0,0.00 
1857,146619,0,0.00 
1858,146620,0,0.00 
1859,146621,0,0.00 
1860,146622,0,0.00 
1861,146623,0,0.00 
1862,146624,0,0.00 
1863,146625,0,0.00 
1864,146626,0,0.00 
1865,146627,0,0.00 
1866,146628,0,0.00 
1867,146629,0,0.00 
1868,146630,0,0.00 
1869,146631,0,0.00 
1870,146632,0,0.00 
1871,146633,0,0.00 
1872,146634,0,0.00 
1873,146635,0,0.00 
1874,146636,0,0.00 
1875,146637,0,0.00 
1876,146638,0,0.00 
1877,146639,0,0.00 
1878,146640,0,0.00 
1879,146641,0,0.00 
1880,146642,0,0.00 
1881,146643,0,0.00 
1882,146644,0,0.00 
1883,146645,0,0.00 
1884,146646,0,0.00 
1885,146647,0,0.00 
1886,146648,0,0.00 
1887,146649,0,0.00 
1888,146650,0,0.00 
1889,146651,0,0.00 
1890,146652,0,0.00 
1891,146653,0,0.00 
1892,146654,0,0.00 
1893,146655,0,0.00 
1894,146656,0,0.00 
1895,146657,0,0.00 
1896,146658,0,0.00 
1897,146659,0,0.00 
1898,146660,0,0.00 
1899,146661,0,0.00 
1900,146662,0,0.00 
1901,146663,0,0.00 
1902,146664,0,0.00 
1903,146665,0,0.00 
1904,146666,0,0.00 
1905,146667,0,0.00 
1906,146668,0,0.00 
1907,146669,0,0.00 
1908,146670,0,0.00 
1909,146671,0,0.00 
1910,146672,0,0.00 
1911,146673,0,0.00 
1912,146674,0,0.00 
1913,146675,0,0.00 
1914,146676,0,0.00 
1915,146677,0,0.00 
1916,146678,0,0.00 
1917,146679,0,0.00 
1918,146680,0,0.00 
1919,146681,0,0.00 
1920,146682,0,0.00 
1921,146683,0,0.00 
1922,146684,0,0.00 
1923,146685,0,0.00 
1924,146686,0,0.00 
1925,146687,0,0.00 
1926,146688,0,0.00 
1927,146689,0,0.00 
1928,146690,0,0.00 
1929,146691,0,0.00 
1930,146692,0,0.00 
1931,146693,0,0.00 
1932,146694,0,0.00 
1933,146695,0,0.00 
1934,146696,0,0.00 
1935,146697,0,0.00 
1936,146698,0,0.00 
1937,146699,0,0.00 
1938,146700,0,0.00 
1939,146701,0,0.00 
1940,146702,0,0.00 
1941,146703,0,0.00 
1942,146704,0,0.00 
1943,146705,0,0.00 
1944,146706,0,0.00 
1945,146707,0,0.00 
1946,146708,0,0.00 
1947,146709,0,0.00 
1948,146710,0,0.00 
1949,146711,0,0.00 
1950,146712,0,0.00 
1951,146713,0,0.00 
1952,146714,0,0.00 
1953,146715,0,0.00 
1954,146716,0,0.00 
1955,146717,0,0.00 
1956,146718,0,0.00 
1957,146719,0,0.00 
1958,146720,0,0.00 
1959,146721,0,0.00 
1960,146722,0,0.00 
1961,146723,0,0.00 
1962,146724,0,0.00 
1963,146725,0,0.00 
1964,146726,0,0.00 
1965,146727,0,0.00 
1966,146728,0,0.00 
1967,146729,0,0.00 
1968,146730,0,0.00 
1969,146731,0,0.00 
1970,146732,0,0.00 
1971,146733,0,0.00 
1972,146734,0,0.00 
1973,146735,0,0.00 
1974,146736,0,0.00 
1975,146737,0,0.00 
1976,146738,0,0.00 
1977,146739,0,0.00 
1978,146740,0,0.00 
1979,146741,0,0.00 
1980,146742,0,0.00 
1981,146743,0,0.00 
1982,146744,0,0.00 
1983,146745,0,0.00 
1984,146746,0,0.00 
1985,146747,0,0.00 
1986,146748,0,0.00 
1987,146749,0,0.00 
1988,146750,0,0.00 
1989,146751,0,0.00 
1990,146752,0,0.00 
1991,146753,0,0.00 
1992,146754,0,0.00 
1993,146755,0,0.00 
1994,146756,0,0.00 
1995,146757,0,0.00 
1996,146758,0,0.00 
1997,146759,0,0.00 
1998,146760,0,0.00 
1999,146761,0,0.00 
2000,146762,0,0.00 
2001,146763,0,0.00 
2002,146764,0,0.00 
2003,146765,0,0.00 
2004,146766,0,0.00 
2005,146767,0,0.00 
2006,146768,0,0.00 
2007,146769,0,0.00 
2008,146770,0,0.00 
2009,146771,0,0.00 
2010,146772,0,0.00 
2011,146773,0,0.00 
2012,146774,0,0.00 
2013,146775,0,0.00 
2014,146776,0,0.00 
2015,146777,0,0.00 
2016,146778,0,0.00 
2017,146779,0,0.00 
2018,146780,0,0.00 
2019,146781,0,0.00 
2020,146782,0,0.00 
2021,146783,0,0.00 
2022,146784,0,0.00 
2023,146785,0,0.00 
2024,146786,0,0.00 
2025,146787,0,0.00 
2026,146788,0,0.00 
2027,146789,0,0.00 
2028,146790,0,0.00 
2029,146791,0,0.00 
2030,146792,0,0.00 
2031,146793,0,0.00 
2032,146794,0,0.00 
2033,146795,0,0.00 
2034,146796,0,0.00 
2035,146797,0,0.00 
2036,146798,0,0.00 
2037,146799,0,0.00 
2038,146800,0,0.00 
2039,146801,0,0.00 
2040,146802,0,0.00 
2041,146803,0,0.00 
2042,146804,0,0.00 
2043,146805,0,0.00 
2044,146806,0,0.00 
2045,146807,0,0.00 
2046,146808,0,0.00 
2047,146809,0,0.00 
2048,146810,0,0.00 
2049,146811,0,0.00 
2050,146812,0,0.00 
2051,146813,0,0.00 
2052,146814,0,0.00 
2053,146815,0,0.00 
2054,146816,0,0.00 
2055,146817,0,0.00 
2056,146818,0,0.00 
2057,146819,0,0.00 
2058,146820,0,0.00 
2059,146821,0,0.00 
2060,146822,0,0.00 
2061,146823,0,0.00 
2062,146824,0,0.00 
2063,146825,0,0.00 
2064,146826,0,0.00 
2065,146827,0,0.00 
2066,146828,0,0.00 
2067,146829,0,0.00 
2068,146830,0,0.00 
2069,146831,0,0.00 
2070,146832,0,0.00 
2071,146833,0,0.00 
2072,146834,0,0.00 
2073,146835,0,0.00 
2074,146836,0,0.00 
2075,146837,0,0.00 
2076,146838,0,0.00 
2077,146839,0,0.00 
2078,146840,0,0.00 
2079,146841,0,0.00 
2080,146842,0,0.00 
2081,146843,0,0.00 
2082,146844,0,0.00 
2083,146845,0,0.00 
2084,146846,0,0.00 
2085,146847,0,0.00 
2086,146848,0,0.00 
2087,146849,0,0.00 
2088,146850,0,0.00 
2089,146851,0,0.00 
2090,146852,0,0.00 
2091,146853,0,0.00 
2092,146854,0,0.00 
2093,146855,0,0.00 
2094,146856,0,0.00 
2095,146857,0,0.00 
2096,146858,0,0.00 
2097,146859,0,0.00 
2098,146860,0,0.00 
2099,146861,0,0.00 
2100,146862,0,0.00 
2101,146863,0,0.00 
2102,146864,0,0.00 
2103,146865,0,0.00 
2104,146866,0,0.00 
2105,146867,0,0.00 
2106,146868,0,0.00 
2107,146869,0,0.00 
2108,146870,0,0.00 
2109,146871,0,0.00 
2110,146872,0,0.00 
2111,146873,0,0.00 
2112,146874,0,0.00 
2113,146875,0,0.00 
2114,146876,0,0.00 
2115,146877,0,0.00 
2116,146878,0,0.00 
2117,146879,0,0.00 
2118,146880,0,0.00 
2119,146881,0,0.00 
2120,146882,0,0.00 
2121,146883,0,0.00 
2122,146884,0,0.00 
2123,146885,0,0.00 
2124,146886,0,0.00 
2125,146887,0,0.00 
2126,146888,0,0.00 
2127,146889,0,0.00 
2128,146890,0,0.00 
2129,146891,0,0.00 
2130,146892,0,0.00 
2131,146893,0,0.00 
2132,146894,0,0.00 
2133,146895,0,0.00 
2134,146896,0,0.00 
2135,146897,0,0.00 
2136,146898,0,0.00 
2137,146899,0,0.00 
2138,146900,0,0.00 
2139,146901,0,0.00 
2140,146902,0,0.00 
2141,146903,0,0.00 
2142,146904,0,0.00 
2143,146905,0,0.00 
2144,146906,0,0.00 
2145,146907,0,0.00 
2146,146908,0,0.00 
2147,146909,0,0.00 
2148,146910,0,0.00 
2149,146911,0,0.00 
2150,146912,0,0.00 
2151,146913,0,0.00 
2152,146914,0,0.00 
2153,146915,0,0.00 
2154,146916,0,0.00 
2155,146917,0,0.00 
2156,146918,0,0.00 
2157,146919,0,0.00 
2158,146920,0,0.00 
2159,146921,0,0.00 
2160,146922,0,0.00 
2161,146923,0,0.00 
2162,146924,0,0.00 
2163,146925,0,0.00 
2164,146926,0,0.00 
2165,146927,0,0.00 
2166,146928,0,0.00 
2167,146929,0,0.00 
2168,146930,0,0.00 
2169,146931,0,0.00 
2170,146932,0,0.00 
2171,146933,0,0.00 
2172,146934,0,0.00 
2173,146935,0,0.00 
2174,146936,0,0.00 
2175,146937,0,0.00 
2176,146938,0,0.00 
2177,146939,0,0.00 
2178,146940,0,0.00 
2179,146941,0,0.00 
2180,146942,0,0.00 
2181,146943,0,0.00 
2182,146944,0,0.00 
2183,146945,0,0.00 
2184,146946,0,0.00 
2185,146947,0,0.00 
2186,146948,0,0.00 
2187,146949,0,0.00 
2188,146950,0,0.00 
2189,146951,0,0.00 
2190,146952,0,0.00 
2191,146953,0,0.00 
2192,146954,0,0.00 
2193,146955,0,0.00 
2194,146956,0,0.00 
2195,146957,0,0.00 
2196,146958,0,0.00 
2197,146959,0,0.00 
2198,146960,0,0.00 
2199,146961,0,0.00 
2200,146962,0,0.00 
2201,146963,0,0.00 
2202,146964,0,0.00 
2203,146965,0,0.00 
2204,146966,0,0.00 
2205,146967,0,0.00 
2206,146968,0,0.00 
2207,146969,0,0.00 
2208,146970,0,0.00 
2209,146971,0,0.00 
2210,146972,0,0.00 
2211,146973,0,0.00 
2212,146974,0,0.00 
2213,146975,0,0.00 
2214,146976,0,0.00 
2215,146977,0,0.00 
2216,146978,0,0.00 
2217,146979,0,0.00 
2218,146980,0,0.00 
2219,146981,0,0.00 
2220,146982,0,0.00 
2221,146983,0,0.00 
2222,146984,0,0.00 
2223,146985,0,0.00 
2224,146986,0,0.00 
2225,146987,0,0.00 
2226,146988,0,0.00 
2227,146989,0,0.00 
2228,146990,0,0.00 
2229,146991,0,0.00 
2230,146992,0,0.00 
2231,146993,0,0.00 
2232,146994,0,0.00 
2233,146995,0,0.00 
2234,146996,0,0.00 
2235,146997,0,0.00 
2236,146998,0,0.00 
2237,146999,0,0.00 
2238,147000,0,0.00 
2239,147001,0,0.00 
2240,147002,0,0.00 
2241,147003,0,0.00 
2242,147004,0,0.00 
2243,147005,0,0.00 
2244,147006,0,0.00 
2245,147007,0,0.00 
2246,147008,0,0.00 
2247,147009,0,0.00 
2248,147010,0,0.00 
2249,147011,0,0.00 
2250,147012,0,0.00 
2251,147013,0,0.00 
2252,147014,0,0.00 
2253,147015,0,0.00 
2254,147016,0,0.00 
2255,147017,0,0.00 
2256,147018,0,0.00 
2257,147019,0,0.00 
2258,147020,0,0.00 
2259,147021,0,0.00 
2260,147022,0,0.00 
2261,147023,0,0.00 
2262,147024,0,0.00 
2263,147025,0,0.00 
2264,147026,0,0.00 
2265,147027,0,0.00 
2266,147028,0,0.00 
2267,147029,0,0.00 
2268,147030,0,0.00 
2269,147031,0,0.00 
2270,147032,0,0.00 
2271,147033,0,0.00 
2272,147034,0,0.00 
2273,147035,0,0.00 
2274,147036,0,0.00 
2275,147037,0,0.00 
2276,147038,0,0.00 
2277,147039,0,0.00 
2278,147040,0,0.00 
2279,147041,0,0.00 
2280,147042,0,0.00 
2281,147043,0,0.00 
2282,147044,0,0.00 
2283,147045,0,0.00 
2284,147046,0,0.00 
2285,147047,0,0.00 
2286,147048,0,0.00 
2287,147049,0,0.00 
2288,147050,0,0.00 
2289,147051,0,0.00 
2290,147052,0,0.00 
2291,147053,0,0.00 
2292,147054,0,0.00 
2293,147055,0,0.00 
2294,147056,0,0.00 
2295,147057,0,0.00 
2296,147058,0,0.00 
2297,147059,0,0.00 
2298,147060,0,0.00 
2299,147061,0,0.00 
2300,147062,0,0.00 
2301,147063,0,0.00 
2302,147064,0,0.00 
2303,147065,0,0.00 
2304,147066,0,0.00 
2305,147067,0,0.00 
2306,147068,0,0.00 
2307,147069,0,0.00 
2308,147070,0,0.00 
2309,147071,0,0.00 
2310,147072,0,0.00 
2311,147073,0,0.00 
2312,147074,0,0.00 
2313,147075,0,0.00 
2314,147076,0,0.00 
2315,147077,0,0.00 
2316,147078,0,0.00 
2317,147079,0,0.00 
2318,147080,0,0.00 
2319,147081,0,0.00 
2320,147082,0,0.00 
2321,147083,0,0.00 
2322,147084,0,0.00 
2323,147085,0,0.00 
2324,147086,0,0.00 
2325,147087,0,0.00 
2326,147088,0,0.00 
2327,147089,0,0.00 
2328,147090,0,0.00 
2329,147091,0,0.00 
2330,147092,0,0.00 
2331,147093,0,0.00 
2332,147094,0,0.00 
2333,147095,0,0.00 
2334,147096,0,0.00 
2335,147097,0,0.00 
2336,147098,0,0.00 
2337,147099,0,0.00 
2338,147100,0,0.00 
2339,147101,0,0.00 
2340,147102,0,0.00 
2341,147103,0,0.00 
2342,147104,0,0.00 
2343,147105,0,0.00 
2344,147106,0,0.00 
2345,147107,0,0.00 
2346,147108,0,0.00 
2347,147109,0,0.00 
2348,147110,0,0.00 
2349,147111,0,0.00 
2350,147112,0,0.00 
2351,147113,0,0.00 
2352,147114,0,0.00 
2353,147115,0,0.00 
2354,147116,0,0.00 
2355,147117,0,0.00 
2356,147118,0,0.00 
2357,147119,0,0.00 
2358,147120,0,0.00 
2359,147121,0,0.00 
2360,147122,0,0.00 
2361,147123,0,0.00 
2362,147124,0,0.00 
2363,147125,0,0.00 
2364,147126,0,0.00 
2365,147127,0,0.00 
2366,147128,0,0.00 
2367,147129,0,0.00 
2368,147130,0,0.00 
2369,147131,0,0.00 
2370,147132,0,0.00 
2371,147133,0,0.00 
2372,147134,0,0.00 
2373,147135,0,0.00 
2374,147136,0,0.00 
2375,147137,0,0.00 
2376,147138,0,0.00 
2377,147139,0,0.00 
2378,147140,0,0.00 
2379,147141,0,0.00 
2380,147142,0,0.00 
2381,147143,0,0.00 
2382,147144,0,0.00 
2383,147145,0,0.00 
2384,147146,0,0.00 
2385,147147,0,0.00 
2386,147148,0,0.00 
2387,147149,0,0.00 
2388,147150,0,0.00 
2389,147151,0,0.00 
2390,147152,0,0.00 
2391,147153,0,0.00 
2392,147154,0,0.00 
2393,147155,0,0.00 
2394,147156,0,0.00 
2395,147157,0,0.00 
2396,147158,0,0.00 
2397,147159,0,0.00 
2398,147160,0,0.00 
2399,147161,0,0.00 
2400,147162,0,0.00 
2401,147163,0,0.00 
2402,147164,0,0.00 
2403,147165,0,0.00 
2404,147166,0,0.00 
2405,147167,0,0.00 
2406,147168,0,0.00 
2407,147169,0,0.00 
2408,147170,0,0.00 
2409,147171,0,0.00 
2410,147172,0,0.00 
2411,147173,0,0.00 
2412,147174,0,0.00 
2413,147175,0,0.00 
2414,147176,0,0.00 
2415,147177,0,0.00 
2416,147178,0,0.00 
2417,147179,0,0.00 
2418,147180,0,0.00 
2419,147181,0,0.00 
2420,147182,0,0.00 
2421,147183,0,0.00 
2422,147184,0,0.00 
2423,147185,0,0.00 
2424,147186,0,0.00 
2425,147187,0,0.00 
2426,147188,0,0.00 
2427,147189,0,0.00 
2428,147190,0,0.00 
2429,147191,0,0.00 
2430,147192,0,0.00 
2431,147193,0,0.00 
2432,147194,0,0.00 
2433,147195,0,0.00 
2434,147196,0,0.00 
2435,147197,0,0.00 
2436,147198,0,0.00 
2437,147199,0,0.00 
2438,147200,0,0.00 
2439,147201,0,0.00 
2440,147202,0,0.00 
2441,147203,0,0.00 
2442,147204,0,0.00 
2443,147205,0,0.00 
2444,147206,0,0.00 
2445,147207,0,0.00 
2446,147208,0,0.00 
2447,147209,0,0.00 
2448,147210,0,0.00 
2449,147211,0,0.00 
2450,147212,0,0.00 
2451,147213,0,0.00 
2452,147214,0,0.00 
2453,147215,0,0.00 
2454,147216,0,0.00 
2455,147217,0,0.00 
2456,147218,0,0.00 
2457,147219,0,0.00 
2458,147220,0,0.00 
2459,147221,0,0.00 
2460,147222,0,0.00 
2461,147223,0,0.00 
2462,147224,0,0.00 
2463,147225,0,0.00 
2464,147226,0,0.00 
2465,147227,0,0.00 
2466,147228,0,0.00 
2467,147229,0,0.00 
2468,147230,0,0.00 
2469,147231,0,0.00 
2470,147232,0,0.00 
2471,147233,0,0.00 
2472,147234,0,0.00 
2473,147235,0,0.00 
2474,147236,0,0.00 
2475,147237,0,0.00 
2476,147238,0,0.00 
2477,147239,0,0.00 
2478,147240,0,0.00 
2479,147241,0,0.00 
2480,147242,0,0.00 
2481,147243,0,0.00 
2482,147244,0,0.00 
2483,147245,0,0.00 
2484,147246,0,0.00 
2485,147247,0,0.00 
2486,147248,0,0.00 
2487,147249,0,0.00 
2488,147250,0,0.00 
2489,147251,0,0.00 
2490,147252,0,0.00 
2491,147253,0,0.00 
2492,147254,0,0.00 
2493,147255,0,0.00 
2494,147256,0,0.00 
2495,147257,0,0.00 
2496,147258,0,0.00 
2497,147259,0,0.00 
2498,147260,0,0.00 
2499,147261,0,0.00 
2500,147262,0,0.00 
2501,147263,0,0.00 
2502,147264,0,0.00 
2503,147265,0,0.00 
2504,147266,0,0.00 
2505,147267,0,0.00 
2506,147268,0,0.00 
2507,147269,0,0.00 
2508,147270,0,0.00 
2509,147271,0,0.00 
2510,147272,0,0.00 
2511,147273,0,0.00 
2512,147274,0,0.00 
2513,147275,0,0.00 
2514,147276,0,0.00 
2515,147277,0,0.00 
2516,147278,0,0.00 
2517,147279,0,0.00 
2518,147280,0,0.00 
2519,147281,0,0.00 
2520,147282,0,0.00 
2521,147283,0,0.00 
2522,147284,0,0.00 
2523,147285,0,0.00 
2524,147286,0,0.00 
2525,147287,0,0.00 
2526,147288,0,0.00 
2527,147289,0,0.00 
2528,147290,0,0.00 
2529,147291,0,0.00 
2530,147292,0,0.00 
2531,147293,0,0.00 
2532,147294,0,0.00 
2533,147295,0,0.00 
2534,147296,0,0.00 
2535,147297,0,0.00 
2536,147298,0,0.00 
2537,147299,0,0.00 
2538,147300,0,0.00 
2539,147301,0,0.00 
2540,147302,0,0.00 
2541,147303,0,0.00 
2542,147304,0,0.00 
2543,147305,0,0.00 
2544,147306,0,0.00 
2545,147307,0,0.00 
2546,147308,0,0.00 
2547,147309,0,0.00 
2548,147310,0,0.00 
2549,147311,0,0.00 
2550,147312,0,0.00 
2551,147313,0,0.00 
2552,147314,0,0.00 
2553,147315,0,0.00 
2554,147316,0,0.00 
2555,147317,0,0.00 
2556,147318,0,0.00 
2557,147319,0,0.00 
2558,147320,0,0.00 
2559,147321,0,0.00 
2560,147322,0,0.00 
2561,147323,0,0.00 
2562,147324,0,0.00 
2563,147325,0,0.00 
2564,147326,0,0.00 
2565,147327,0,0.00 
2566,147328,0,0.00 
2567,147329,0,0.00 
2568,147330,0,0.00 
2569,147331,0,0.00 
2570,147332,0,0.00 
2571,147333,0,0.00 
2572,147334,0,0.00 
2573,147335,0,0.00 
2574,147336,0,0.00 
2575,147337,0,0.00 
2576,147338,0,0.00 
2577,147339,0,0.00 
2578,147340,0,0.00 
2579,147341,0,0.00 
2580,147342,0,0.00 
2581,147343,0,0.00 
2582,147344,0,0.00 
2583,147345,0,0.00 
2584,147346,0,0.00 
2585,147347,0,0.00 
2586,147348,0,0.00 
2587,147349,0,0.00 
2588,147350,0,0.00 
2589,147351,0,0.00 
2590,147352,0,0.00 
2591,147353,0,0.00 
2592,147354,0,0.00 
2593,147355,0,0.00 
2594,147356,0,0.00 
2595,147357,0,0.00 
2596,147358,0,0.00 
2597,147359,0,0.00 
2598,147360,0,0.00 
2599,147361,0,0.00 
2600,147362,0,0.00 
2601,147363,0,0.00 
2602,147364,0,0.00 
2603,147365,0,0.00 
2604,147366,0,0.00 
2605,147367,0,0.00 
2606,147368,0,0.00 
2607,147369,0,0.00 
2608,147370,0,0.00 
2609,147371,0,0.00 
2610,147372,0,0.00 
2611,147373,0,0.00 
2612,147374,0,0.00 
2613,147375,0,0.00 
2614,147376,0,0.00 
2615,147377,0,0.00 
2616,147378,0,0.00 
2617,147379,0,0.00 
2618,147380,0,0.00 
2619,147381,0,0.00 
2620,147382,0,0.00 
2621,147383,0,0.00 
2622,147384,0,0.00 
2623,147385,0,0.00 
2624,147386,0,0.00 
2625,147387,0,0.00 
2626,147388,0,0.00 
2627,147389,0,0.00 
2628,147390,0,0.00 
2629,147391,0,0.00 
2630,147392,0,0.00 
2631,147393,0,0.00 
2632,147394,0,0.00 
2633,147395,0,0.00 
2634,147396,0,0.00 
2635,147397,0,0.00 
2636,147398,0,0.00 
2637,147399,0,0.00 
2638,147400,0,0.00 
2639,147401,0,0.00 
2640,147402,0,0.00 
2641,147403,0,0.00 
2642,147404,0,0.00 
2643,147405,0,0.00 
2644,147406,0,0.00 
2645,147407,0,0.00 
2646,147408,0,0.00 
2647,147409,0,0.00 
2648,147410,0,0.00 
2649,147411,0,0.00 
2650,147412,0,0.00 
2651,147413,0,0.00 
2652,147414,0,0.00 
2653,147415,0,0.00 
2654,147416,0,0.00 
2655,147417,0,0.00 
2656,147418,0,0.00 
2657,147419,0,0.00 
2658,147420,0,0.00 
2659,147421,0,0.00 
2660,147422,0,0.00 
2661,147423,0,0.00 
2662,147424,0,0.00 
2663,147425,0,0.00 
2664,147426,0,0.00 
2665,147427,0,0.00 
2666,147428,0,0.00 
2667,147429,0,0.00 
2668,147430,0,0.00 
2669,147431,0,0.00 
2670,147432,0,0.00 
2671,147433,0,0.00 
2672,147434,0,0.00 
2673,147435,0,0.00 
2674,147436,0,0.00 
2675,147437,0,0.00 
2676,147438,0,0.00 
2677,147439,0,0.00 
2678,147440,0,0.00 
2679,147441,0,0.00 
2680,147442,0,0.00 
2681,147443,0,0.00 
2682,147444,0,0.00 
2683,147445,0,0.00 
2684,147446,0,0.00 
2685,147447,0,0.00 
2686,147448,0,0.00 
2687,147449,0,0.00 
2688,147450,0,0.00 
2689,147451,0,0.00 
2690,147452,0,0.00 
2691,147453,0,0.00 
2692,147454,0,0.00 
2693,147455,0,0.00 
2694,147456,0,0.00 
2695,147457,0,0.00 
2696,147458,0,0.00 
2697,147459,0,0.00 
2698,147460,0,0.00 
2699,147461,0,0.00 
2700,147462,0,0.00 
2701,147463,0,0.00 
2702,147464,0,0.00 
2703,147465,0,0.00 
2704,147466,0,0.00 
2705,147467,0,0.00 
2706,147468,0,0.00 
2707,147469,0,0.00 
2708,147470,0,0.00 
2709,147471,0,0.00 
2710,147472,0,0.00 
2711,147473,0,0.00 
2712,147474,0,0.00 
2713,147475,0,0.00 
2714,147476,0,0.00 
2715,147477,0,0.00 
2716,147478,0,0.00 
2717,147479,0,0.00 
2718,147480,0,0.00 
2719,147481,0,0.00 
2720,147482,0,0.00 
2721,147483,0,0.00 
2722,147484,0,0.00 
2723,147485,0,0.00 
2724,147486,0,0.00 
2725,147487,0,0.00 
2726,147488,0,0.00 
2727,147489,0,0.00 
2728,147490,0,0.00 
2729,147491,0,0.00 
2730,147492,0,0.00 
2731,147493,0,0.00 
2732,147494,0,0.00 
2733,147495,0,0.00 
2734,147496,0,0.00 
2735,147497,0,0.00 
2736,147498,0,0.00 
2737,147499,0,0.00 
2738,147500,0,0.00 
2739,147501,0,0.00 
2740,147502,0,0.00 
2741,147503,0,0.00 
2742,147504,0,0.00 
2743,147505,0,0.00 
2744,147506,0,0.00 
2745,147507,0,0.00 
2746,147508,0,0.00 
2747,147509,0,0.00 
2748,147510,0,0.00 
2749,147511,0,0.00 
2750,147512,0,0.00 
2751,147513,0,0.00 
2752,147514,0,0.00 
2753,147515,0,0.00 
2754,147516,0,0.00 
2755,147517,0,0.00 
2756,147518,0,0.00 
2757,147519,0,0.00 
2758,147520,0,0.00 
2759,147521,0,0.00 
2760,147522,0,0.00 
2761,147523,0,0.00 
2762,147524,0,0.00 
2763,147525,0,0.00 
2764,147526,0,0.00 
2765,147527,0,0.00 
2766,147528,0,0.00 
2767,147529,0,0.00 
2768,147530,0,0.00 
2769,147531,0,0.00 
2770,147532,0,0.00 
2771,147533,0,0.00 
2772,147534,0,0.00 
2773,147535,0,0.00 
2774,147536,0,0.00 
2775,147537,0,0.00 
2776,147538,0,0.00 
2777,147539,0,0.00 
2778,147540,0,0.00 
2779,147541,0,0.00 
2780,147542,0,0.00 
2781,147543,0,0.00 
2782,147544,0,0.00 
2783,147545,0,0.00 
2784,147546,0,0.00 
2785,147547,0,0.00 
2786,147548,0,0.00 
2787,147549,0,0.00 
2788,147550,0,0.00 
2789,147551,0,0.00 
2790,147552,0,0.00 
2791,147553,0,0.00 
2792,147554,0,0.00 
2793,147555,0,0.00 
2794,147556,0,0.00 
2795,147557,0,0.00 
2796,147558,0,0.00 
2797,147559,0,0.00 
2798,147560,0,0.00 
2799,147561,0,0.00 
2800,147562,0,0.00 
2801,147563,0,0.00 
2802,147564,0,0.00 
2803,147565,0,0.00 
2804,147566,0,0.00 
2805,147567,0,0.00 
2806,147568,0,0.00 
2807,147569,0,0.00 
2808,147570,0,0.00 
2809,147571,0,0.00 
2810,147572,0,0.00 
2811,147573,0,0.00 
2812,147574,0,0.00 
2813,147575,0,0.00 
2814,147576,0,0.00 
2815,147577,0,0.00 
2816,147578,0,0.00 
2817,147579,0,0.00 
2818,147580,0,0.00 
2819,147581,0,0.00 
2820,147582,0,0.00 
2821,147583,0,0.00 
2822,147584,0,0.00 
2823,147585,0,0.00 
2824,147586,0,0.00 
2825,147587,0,0.00 
2826,147588,0,0.00 
2827,147589,0,0.00 
2828,147590,0,0.00 
2829,147591,0,0.00 
2830,147592,0,0.00 
2831,147593,0,0.00 
2832,147594,0,0.00 
2833,147595,0,0.00 
2834,147596,0,0.00 
2835,147597,0,0.00 
2836,147598,0,0.00 
2837,147599,0,0.00 
2838,147600,0,0.00 
2839,147601,0,0.00 
2840,147602,0,0.00 
2841,147603,0,0.00 
2842,147604,0,0.00 
2843,147605,0,0.00 
2844,147606,0,0.00 
2845,147607,0,0.00 
2846,147608,0,0.00 
2847,147609,0,0.00 
2848,147610,0,0.00 
2849,147611,0,0.00 
2850,147612,0,0.00 
2851,147613,0,0.00 
2852,147614,0,0.00 
2853,147615,0,0.00 
2854,147616,0,0.00 
2855,147617,0,0.00 
2856,147618,0,0.00 
2857,147619,0,0.00 
2858,147620,0,0.00 
2859,147621,0,0.00 
2860,147622,0,0.00 
2861,147623,0,0.00 
2862,147624,0,0.00 
2863,147625,0,0.00 
2864,147626,0,0.00 
2865,147627,0,0.00 
2866,147628,0,0.00 
2867,147629,0,0.00 
2868,147630,0,0.00 
2869,147631,0,0.00 
2870,147632,0,0.00 
2871,147633,0,0.00 
2872,147634,0,0.00 
2873,147635,0,0.00 
2874,147636,0,0.00 
2875,147637,0,0.00 
2876,147638,0,0.00 
2877,147639,0,0.00 
2878,147640,0,0.00 
2879,147641,0,0.00 
2880,147642,0,0.00 
2881,147643,0,0.00 
2882,147644,0,0.00 
2883,147645,0,0.00 
2884,147646,0,0.00 
2885,147647,0,0.00 
2886,147648,0,0.00 
2887,147649,0,0.00 
2888,147650,0,0.00 
2889,147651,0,0.00 
2890,147652,0,0.00 
2891,147653,0,0.00 
2892,147654,0,0.00 
2893,147655,0,0.00 
2894,147656,0,0.00 
2895,147657,0,0.00 
2896,147658,0,0.00 
2897,147659,0,0.00 
2898,147660,0,0.00 
2899,147661,0,0.00 
2900,147662,0,0.00 
2901,147663,0,0.00 
2902,147664,0,0.00 
2903,147665,0,0.00 
2904,147666,0,0.00 
2905,147667,0,0.00 
2906,147668,0,0.00 
2907,147669,0,0.00 
2908,147670,0,0.00 
2909,147671,0,0.00 
2910,147672,0,0.00 
2911,147673,0,0.00 
2912,147674,0,0.00 
2913,147675,0,0.00 
2914,147676,0,0.00 
2915,147677,0,0.00 
2916,147678,0,0.00 
2917,147679,0,0.00 
2918,147680,0,0.00 
2919,147681,0,0.00 
2920,147682,0,0.00 
2921,147683,0,0.00 
2922,147684,0,0.00 
2923,147685,0,0.00 
2924,147686,0,0.00 
2925,147687,0,0.00 
2926,147688,0,0.00 
2927,147689,0,0.00 
2928,147690,0,0.00 
2929,147691,0,0.00 
2930,147692,0,0.00 
2931,147693,0,0.00 
2932,147694,0,0.00 
2933,147695,0,0.00 
2934,147696,0,0.00 
2935,147697,0,0.00 
2936,147698,0,0.00 
2937,147699,0,0.00 
2938,147700,0,0.00 
2939,147701,0,0.00 
2940,147702,0,0.00 
2941,147703,0,0.00 
2942,147704,0,0.00 
2943,147705,0,0.00 
2944,147706,0,0.00 
2945,147707,0,0.00 
2946,147708,0,0.00 
2947,147709,0,0.00 
2948,147710,0,0.00 
2949,147711,0,0.00 
2950,147712,0,0.00 
2951,147713,0,0.00 
2952,147714,0,0.00 
2953,147715,0,0.00 
2954,147716,0,0.00 
2955,147717,0,0.00 
2956,147718,0,0.00 
2957,147719,0,0.00 
2958,147720,0,0.00 
2959,147721,0,0.00 
2960,147722,0,0.00 
2961,147723,0,0.00 
2962,147724,0,0.00 
2963,147725,0,0.00 
2964,147726,0,0.00 
2965,147727,0,0.00 
2966,147728,0,0.00 
2967,147729,0,0.00 
2968,147730,0,0.00 
2969,147731,0,0.00 
2970,147732,0,0.00 
2971,147733,0,0.00 
2972,147734,0,0.00 
2973,147735,0,0.00 
2974,147736,0,0.00 
2975,147737,0,0.00 
2976,147738,0,0.00 
2977,147739,0,0.00 
2978,147740,0,0.00 
2979,147741,0,0.00 
2980,147742,0,0.00 
2981,147743,0,0.00 
2982,147744,0,0.00 
2983,147745,0,0.00 
2984,147746,0,0.00 
2985,147747,0,0.00 
2986,147748,0,0.00 
2987,147749,0,0.00 
2988,147750,0,0.00 
2989,147751,0,0.00 
2990,147752,0,0.00 
2991,147753,0,0.00 
2992,147754,0,0.00 
2993,147755,0,0.00 
2994,147756,0,0.00 
2995,147757,0,0.00 
2996,147758,0,0.00 
2997,147759,0,0.00 
2998,147760,0,0.00 
2999,147761,0,0.00 
3000,147762,0,0.00 
3001,147763,0,0.00 
3002,147764,0,0.00 
3003,147765,0,0.00 
3004,147766,0,0.00 
3005,147767,0,0.00 
3006,147768,0,0.00 
3007,147769,0,0.00 
3008,147770,0,0.00 
3009,147771,0,0.00 
3010,147772,0,0.00 
3011,147773,0,0.00 
3012,147774,0,0.00 
3013,147775,0,0.00 
3014,147776,0,0.00 
3015,147777,0,0.00 
3016,147778,0,0.00 
3017,147779,0,0.00 
3018,147780,0,0.00 
3019,147781,0,0.00 
3020,147782,0,0.00 
3021,147783,0,0.00 
3022,147784,0,0.00 
3023,147785,0,0.00 
3024,147786,0,0.00 
3025,147787,0,0.00 
3026,147788,0,0.00 
3027,147789,0,0.00 
3028,147790,0,0.00 
3029,147791,0,0.00 
3030,147792,0,0.00 
3031,147793,0,0.00 
3032,147794,0,0.00 
3033,147795,0,0.00 
3034,147796,0,0.00 
3035,147797,0,0.00 
3036,147798,0,0.00 
3037,147799,0,0.00 
3038,147800,0,0.00 
3039,147801,0,0.00 
3040,147802,0,0.00 
3041,147803,0,0.00 
3042,147804,0,0.00 
3043,147805,0,0.00 
3044,147806,0,0.00 
3045,147807,0,0.00 
3046,147808,0,0.00 
3047,147809,0,0.00 
3048,147810,0,0.00 
3049,147811,0,0.00 
3050,147812,0,0.00 
3051,147813,0,0.00 
3052,147814,0,0.00 
3053,147815,0,0.00 
3054,147816,0,0.00 
3055,147817,0,0.00 
3056,147818,0,0.00 
3057,147819,0,0.00 
3058,147820,0,0.00 
3059,147821,0,0.00 
3060,147822,0,0.00 
3061,147823,0,0.00 
3062,147824,0,0.00 
3063,147825,0,0.00 
3064,147826,0,0.00 
3065,147827,0,0.00 
3066,147828,0,0.00 
3067,147829,0,0.00 
3068,147830,0,0.00 
3069,147831,0,0.00 
3070,147832,0,0.00 
3071,147833,0,0.00 
3072,147834,0,0.00 
3073,147835,0,0.00 
3074,147836,0,0.00 
3075,147837,0,0.00 
3076,147838,0,0.00 
3077,147839,0,0.00 
3078,147840,0,0.00 
3079,147841,0,0.00 
3080,147842,0,0.00 
3081,147843,0,0.00 
3082,147844,0,0.00 
3083,147845,0,0.00 
3084,147846,0,0.00 
3085,147847,0,0.00 
3086,147848,0,0.00 
3087,147849,0,0.00 
3088,147850,0,0.00 
3089,147851,0,0.00 
3090,147852,0,0.00 
3091,147853,0,0.00 
3092,147854,0,0.00 
3093,147855,0,0.00 
3094,147856,0,0.00 
3095,147857,0,0.00 
3096,147858,0,0.00 
3097,147859,0,0.00 
3098,147860,0,0.00 
3099,147861,0,0.00 
